gender,SeniorCitizen,Partner,Dependents,tenure,PhoneService,MultipleLines,InternetService,OnlineSecurity,OnlineBackup,DeviceProtection,TechSupport,StreamingTV,StreamingMovies,Contract,PaperlessBilling,PaymentMethod,MonthlyCharges,TotalCharges
0,1,1,1,52,0,2,0,1,0,0,2,2,2,0,0,3,30.51,4217.74
1,1,1,1,68,1,0,2,2,2,0,2,0,2,2,0,1,107.85,2384.31
1,0,0,0,63,0,0,1,1,0,2,1,0,0,1,1,3,102.26,4327.97
0,1,1,1,15,1,1,2,1,2,1,0,0,1,0,0,1,46.65,5987.91
0,1,1,1,6,1,1,0,2,2,0,1,1,1,2,0,2,62.6,2156.91
0,0,0,0,59,0,0,1,1,2,2,2,0,2,1,0,1,61.09,4048.1
1,0,0,0,9,0,1,0,1,1,2,2,1,0,0,0,3,109.32,6578.43
1,0,0,0,36,0,2,0,1,1,2,2,0,0,2,1,0,99.85,856.75
1,0,0,0,46,0,2,0,2,2,2,2,1,0,1,0,2,96.16,7626.97
1,0,0,0,55,0,2,2,1,0,0,0,0,0,2,0,0,73.26,1719.99
0,1,1,1,27,1,2,0,2,2,0,2,2,2,0,0,0,62.82,7109.66
1,1,1,1,24,1,1,0,0,0,1,2,2,0,0,0,2,51.54,4246.12
1,1,1,1,45,1,1,2,0,0,1,0,0,1,2,1,1,115.13,1780.05
1,1,1,1,60,1,2,1,1,0,2,1,1,2,1,1,2,94.09,2301.93
1,1,1,1,12,1,2,2,0,1,2,1,1,1,0,0,1,114.53,2697.76
1,1,1,1,38,1,0,2,0,1,1,0,1,1,0,1,1,29.97,3476.26
0,0,0,0,50,0,2,2,1,1,2,0,2,0,1,0,0,42.86,258.4
0,0,0,0,57,0,1,1,2,2,1,2,1,2,2,1,3,64.17,5032.82
0,0,0,0,54,0,1,0,0,2,0,2,1,1,1,1,3,63.37,753.14
0,0,0,0,31,0,0,1,1,2,1,1,0,0,1,0,2,84.67,524.78
1,1,1,1,71,1,1,0,2,1,1,0,2,0,0,0,0,35.77,4321.16
1,0,0,0,10,0,1,1,0,1,2,2,0,1,0,0,3,81.7,3669.51
1,0,0,0,16,0,2,1,0,1,1,2,1,2,0,0,0,107.17,2115.2
0,1,1,1,21,1,2,2,2,1,0,0,0,1,0,1,1,67.55,6053.68
0,0,0,0,12,0,2,2,0,0,0,1,1,2,0,0,3,24.76,6641.57
1,0,0,0,16,0,1,1,2,1,0,2,2,2,1,0,0,118.41,2736.93
1,1,1,1,31,1,2,0,2,2,2,0,1,0,2,1,1,57.37,4123.02
0,1,1,1,71,1,0,1,2,1,2,2,2,0,1,0,3,60.85,4719.4
0,1,1,1,50,1,0,1,0,0,0,1,1,1,2,1,3,79.68,5422.5
0,0,0,0,16,0,2,1,0,0,1,2,1,0,2,0,3,22.36,4029.59
0,0,0,0,4,0,1,0,0,1,1,2,0,2,2,1,1,69.19,7253.66
0,0,0,0,44,0,2,1,1,0,0,1,2,2,0,0,1,74.84,6490.31
0,0,0,0,14,0,0,1,0,1,1,0,0,2,2,0,2,23.33,1820.7
1,0,0,0,35,0,2,1,1,0,0,0,2,1,0,1,0,81.62,2562.04
1,1,1,1,71,1,2,0,2,2,1,0,1,2,1,0,1,90.85,365.55
1,0,0,0,25,0,0,0,0,1,0,1,1,2,1,0,3,102.1,1865.75
1,1,1,1,52,1,2,1,0,0,0,1,2,0,1,1,0,56.57,2080.21
1,1,1,1,67,1,0,0,1,0,0,1,2,0,2,1,3,20.45,1504.16
0,0,0,0,23,0,2,1,0,2,2,2,2,2,2,1,0,67.37,598.14
0,0,0,0,20,0,0,1,2,1,2,0,0,0,1,0,2,78.45,7900.44
0,1,1,1,15,1,2,2,1,0,2,2,1,1,2,1,3,87.69,2824.47
1,1,1,1,29,1,1,0,0,2,1,0,0,0,0,1,2,50.99,6527.27
0,1,1,1,25,1,0,1,1,1,2,1,2,0,2,0,3,71.54,7877.2
0,0,0,0,5,0,1,0,2,1,0,0,0,0,0,0,2,61.17,2983.79
0,0,0,0,29,0,0,0,1,0,2,2,0,0,0,1,0,69.27,253.65
0,1,1,1,34,1,1,0,2,0,2,0,1,1,1,1,0,67.68,6667.36
1,1,1,1,47,1,2,2,2,0,0,1,1,2,1,0,1,93.41,5519.67
1,0,0,0,8,0,0,0,2,0,0,1,0,0,1,0,3,60.19,5765.43
1,1,1,1,4,1,2,0,0,1,0,2,1,0,2,0,1,45.28,4131.13
1,1,1,1,71,1,1,0,2,0,0,2,0,2,1,0,3,57.11,7140.53
0,0,0,0,44,0,2,2,0,2,1,2,2,2,1,1,1,112.01,438.23
0,1,1,1,8,1,0,0,0,2,1,0,0,0,2,0,0,107.9,1333.87
0,0,0,0,27,0,0,0,1,2,1,1,2,2,0,0,1,70.78,4952.64
0,1,1,1,47,1,2,2,2,0,0,1,2,1,0,0,1,82.42,4804.65
0,0,0,0,19,0,2,1,0,1,1,1,1,2,1,0,2,102.58,4743.57
1,0,0,0,22,0,0,1,2,2,1,2,0,1,0,0,0,113.51,1224.6
1,1,1,1,20,1,0,1,0,1,0,2,2,2,0,0,3,84.82,3591.39
1,1,1,1,21,1,2,0,2,2,1,2,1,2,1,1,3,66.54,1697.14
1,1,1,1,57,1,1,0,1,2,0,2,1,1,2,0,1,51.63,587.45
0,0,0,0,32,0,1,2,1,1,0,1,1,1,1,1,3,67.16,2427.29
0,0,0,0,26,0,0,2,1,0,0,1,2,1,1,0,3,104.12,1838.56
0,0,0,0,25,0,0,2,2,0,1,1,1,1,0,0,3,82.94,321.85
0,1,1,1,14,1,1,2,0,0,1,1,1,1,0,1,0,102.85,3221.39
0,0,0,0,62,0,1,2,0,2,2,1,2,0,0,0,1,28.72,4339.8
1,1,1,1,50,1,0,2,1,2,0,1,1,0,2,1,1,100.09,4950.39
1,0,0,0,68,0,0,0,0,1,0,2,2,2,2,1,2,96.02,1042.38
0,0,0,0,39,0,2,1,2,1,0,2,2,0,1,1,3,114.3,5222.06
0,0,0,0,30,0,0,2,0,1,0,1,2,0,0,0,1,112.83,1557.52
0,1,1,1,42,1,0,2,2,2,2,1,2,0,1,0,2,59.41,5047.86
0,0,0,0,21,0,0,0,0,2,2,0,2,0,1,1,2,111.97,1125.06
0,1,1,1,42,1,2,1,2,2,0,0,0,1,2,1,1,78.53,235.79
1,0,0,0,60,0,0,2,0,2,2,1,2,1,2,1,0,88.13,5378.88
0,1,1,1,25,1,1,1,1,1,0,0,1,2,1,1,1,41.12,7514.06
0,1,1,1,26,1,1,0,2,1,2,0,1,0,2,1,3,88.19,20.28
1,1,1,1,62,1,1,1,1,1,1,0,0,0,0,0,1,77.25,1028.07
1,0,0,0,42,0,0,1,0,0,2,1,0,1,0,0,1,48.75,480.01
0,1,1,1,29,1,0,0,2,0,0,0,0,0,1,1,1,37.22,3842.69
1,1,1,1,57,1,0,2,0,2,2,2,1,1,0,1,0,20.81,1513.5
1,1,1,1,10,1,1,1,1,2,1,2,2,0,1,1,2,107.86,1736.43
0,0,0,0,16,0,0,2,1,2,0,0,1,1,0,0,1,77.5,6678.02
1,1,1,1,32,1,1,1,0,0,2,1,2,2,1,0,0,54.11,837.43
0,0,0,0,39,0,1,0,0,2,2,1,2,0,2,1,3,54.12,1287.33
0,1,1,1,65,1,0,2,2,2,0,2,2,0,0,1,0,115.48,7138.45
0,0,0,0,66,0,0,2,1,0,2,2,1,0,1,0,2,60,3278.92
0,0,0,0,48,0,1,2,0,0,2,0,0,1,0,0,0,39.4,1405.55
0,1,1,1,28,1,0,2,1,2,2,0,1,0,2,1,0,39.35,5096.47
1,1,1,1,43,1,2,2,0,1,1,2,0,0,1,1,0,110.06,6936.73
0,1,1,1,32,1,0,0,1,1,1,0,1,0,0,0,3,41.12,7158.66
1,0,0,0,65,0,1,2,0,1,0,1,1,1,2,1,0,117.64,1378.32
0,1,1,1,0,1,0,1,2,0,1,1,2,0,1,0,1,24.14,4396.03
0,1,1,1,10,1,2,2,2,1,1,1,1,0,1,1,1,42.42,3374.8
1,1,1,1,29,1,0,1,0,2,2,2,2,2,1,1,1,84.1,1665.16
0,0,0,0,46,0,0,2,2,1,2,2,0,1,0,1,0,86.88,69.8
0,1,1,1,61,1,2,2,1,2,0,2,0,1,0,0,0,51.64,4179.64
1,1,1,1,6,1,2,1,1,1,0,1,0,1,0,1,0,40.85,6967.46
0,0,0,0,65,0,1,1,2,2,0,1,0,2,1,1,1,88.31,6310.92
1,1,1,1,43,1,1,2,2,1,2,2,0,1,0,0,2,47.58,7409.87
0,0,0,0,13,0,1,0,0,1,1,0,0,0,2,1,1,77.23,5129.25
1,0,0,0,17,0,1,0,1,2,2,2,2,2,0,0,3,48.51,2108.28
0,1,1,1,59,1,0,2,1,0,0,1,2,1,0,1,3,93.32,4177.44
0,0,0,0,52,0,2,1,2,0,1,1,1,2,0,0,0,55.71,343.9
0,0,0,0,10,0,0,1,2,2,1,2,2,0,1,1,0,31.83,7755.3
0,1,1,1,10,1,0,2,1,1,1,1,0,1,2,1,2,92.42,102.95
0,1,1,1,37,1,0,0,0,2,2,1,1,1,2,0,0,63.13,7576.28
0,1,1,1,69,1,2,2,1,0,1,0,0,2,1,1,0,20.42,7248.9
1,1,1,1,60,1,0,1,2,2,0,2,2,2,0,1,0,29.13,7888.09
0,0,0,0,54,0,2,2,1,1,2,0,0,0,0,1,3,63.86,6240.75
0,1,1,1,56,1,0,2,1,1,0,1,1,0,2,1,2,117.56,5439.43
1,1,1,1,64,1,2,1,2,0,1,0,2,2,2,0,0,84.6,6363.33
0,0,0,0,54,0,2,2,1,1,1,1,2,1,1,1,1,23.19,7315.8
1,0,0,0,67,0,0,0,2,0,0,1,2,2,2,0,0,57.47,3183.15
1,1,1,1,31,1,2,0,2,1,1,1,2,1,1,1,0,110.93,3393.57
1,0,0,0,60,0,0,2,1,0,0,0,1,1,1,0,3,95.5,2034.79
1,0,0,0,13,0,0,0,2,1,1,0,1,0,0,0,1,45.42,7903.03
1,0,0,0,9,0,2,2,0,1,0,0,2,2,1,0,3,85.35,1426.78
0,1,1,1,7,1,2,1,1,1,1,1,1,0,2,0,0,92.01,2517.53
1,1,1,1,41,1,2,1,0,0,1,2,0,2,1,0,0,57.06,6020.8
0,1,1,1,59,1,2,0,0,0,2,2,1,0,0,0,1,78.99,3560.95
0,1,1,1,43,1,1,1,2,0,0,1,2,1,0,1,1,75.48,2545.83
1,1,1,1,14,1,0,1,1,0,1,2,2,1,2,1,0,33.56,87.94
0,0,0,0,62,0,2,1,0,0,0,1,0,0,0,1,2,64.91,2714.99
0,1,1,1,4,1,0,2,2,2,2,1,0,2,1,0,3,39.52,2468.09
0,0,0,0,3,0,2,2,2,2,2,0,0,0,2,0,1,50.11,2753.22
0,1,1,1,42,1,0,0,1,0,2,1,2,1,2,1,2,66.52,4211.22
0,1,1,1,15,1,0,0,0,2,0,1,1,2,2,0,2,28.1,2671.17
0,0,0,0,68,0,0,1,2,2,0,1,0,1,1,1,0,36.81,6633.94
1,1,1,1,44,1,2,2,2,2,1,2,2,0,0,0,1,28.37,4726.29
1,0,0,0,28,0,2,0,1,0,1,2,1,0,2,1,3,93.57,7395.29
1,1,1,1,0,1,1,2,0,1,1,0,0,0,1,0,3,119.36,2772.25
1,0,0,0,8,0,2,1,1,2,1,2,1,0,0,0,1,89.06,1240.41
1,0,0,0,58,0,2,0,0,1,2,2,1,2,1,0,3,63.43,5745.28
0,0,0,0,10,0,2,0,1,2,0,0,2,1,2,0,0,76.32,6036.65
1,0,0,0,42,0,1,0,0,2,1,2,0,1,0,0,2,116.35,5189.96
1,1,1,1,65,1,2,1,0,0,1,2,0,0,0,1,1,31.32,5595.59
1,1,1,1,30,1,0,2,0,1,0,1,0,1,0,1,2,69.17,6327.98
0,1,1,1,62,1,1,1,0,1,2,1,0,0,1,0,1,28.57,7009.85
1,0,0,0,55,0,0,2,0,1,2,0,2,1,2,1,0,48.7,5709.94
1,0,0,0,37,0,1,1,0,1,0,2,1,0,1,0,3,28.1,3211.67
0,1,1,1,29,1,1,0,1,0,1,2,2,0,0,1,0,25.06,5328.12
0,0,0,0,10,0,2,0,0,1,2,2,1,2,0,1,2,117.52,417.37
0,1,1,1,56,1,1,0,0,2,1,0,2,0,2,0,0,49.45,4866.81
1,0,0,0,65,0,0,0,0,2,0,0,1,0,0,0,0,26.29,346.23
1,1,1,1,43,1,2,2,1,1,0,2,1,2,2,0,3,82.65,1034.36
0,1,1,1,45,1,0,2,0,0,1,2,1,2,1,1,0,51.55,7622.02
1,0,0,0,40,0,0,0,0,0,1,1,2,1,1,1,3,63.19,4850.59
0,0,0,0,52,0,1,1,0,1,2,1,2,2,2,0,1,47.35,457.76
0,1,1,1,53,1,2,2,2,1,2,0,0,1,1,0,1,34.25,334.62
1,0,0,0,49,0,1,2,0,1,1,0,1,1,0,1,1,106.44,2650.31
1,1,1,1,2,1,0,1,2,1,1,2,2,1,0,1,2,47.32,4923.08
0,1,1,1,12,1,2,2,0,0,0,1,0,1,1,1,0,80.44,5296.39
1,1,1,1,56,1,0,1,0,1,1,1,0,2,0,0,0,112.21,6604.69
0,1,1,1,31,1,2,2,1,1,0,2,0,0,0,0,2,51.53,4594.27
0,1,1,1,51,1,2,0,1,0,1,2,0,0,1,1,2,21.86,6508.61
1,1,1,1,64,1,1,0,0,2,0,0,2,2,1,0,3,87.44,5890.08
0,1,1,1,7,1,2,2,0,0,0,0,0,2,0,1,2,56.41,1795.29
0,0,0,0,20,0,1,1,0,0,2,1,2,1,1,0,2,80.5,292.82
1,1,1,1,28,1,0,2,1,2,1,1,1,1,0,0,0,68.34,6275.38
0,1,1,1,48,1,2,1,2,0,1,0,0,2,2,0,1,52.73,6757.41
0,0,0,0,20,0,1,2,2,0,1,0,2,1,2,0,3,97.48,3748.27
0,1,1,1,4,1,2,1,0,2,0,1,2,2,1,1,2,111.61,5754.25
1,1,1,1,44,1,2,0,0,0,2,1,1,1,2,1,0,30.72,3047.9
1,1,1,1,16,1,2,1,2,2,0,0,2,2,0,1,1,31.84,3324.79
0,1,1,1,55,1,1,0,2,1,2,2,0,2,0,0,2,55.16,5462.85
0,1,1,1,60,1,2,2,0,0,0,0,1,0,0,1,0,106.15,3214.43
0,0,0,0,64,0,2,1,2,1,2,2,0,1,1,0,0,106.21,64.7
1,0,0,0,27,0,0,1,0,1,0,0,1,2,1,0,0,104.09,3881.27
1,0,0,0,10,0,2,0,0,1,0,0,1,2,2,0,0,55.66,2578.56
1,1,1,1,4,1,0,0,0,2,1,2,0,1,1,0,2,116.57,982.97
1,1,1,1,20,1,0,1,0,0,0,0,1,0,1,1,0,86.98,4570.09
0,1,1,1,50,1,1,2,1,2,1,0,2,1,0,1,3,86.52,2606.32
1,1,1,1,45,1,1,2,2,1,2,0,0,0,0,0,3,85.72,7466.23
1,1,1,1,45,1,2,2,0,1,1,2,2,2,2,0,0,98.93,4957.19
0,0,0,0,34,0,2,2,2,0,0,0,1,2,1,1,1,72.1,6924.7
1,1,1,1,31,1,0,2,1,2,1,2,1,2,0,1,0,77.84,3049.13
0,0,0,0,3,0,2,1,0,0,2,1,2,2,1,0,2,53.55,6623.3
1,1,1,1,57,1,1,1,1,0,0,2,0,0,2,0,3,25.43,6984.89
1,0,0,0,21,0,0,1,0,0,0,0,2,2,1,0,0,68.39,2373.54
1,1,1,1,50,1,1,0,1,2,1,1,2,0,1,1,0,42.4,2159.34
0,1,1,1,34,1,2,0,1,2,1,1,0,2,2,1,0,44.02,2302.94
1,1,1,1,14,1,0,1,1,1,1,0,2,0,2,1,0,42.63,7750.12
1,0,0,0,29,0,2,0,1,1,1,2,2,2,1,1,0,85.64,7035.04
1,1,1,1,61,1,1,2,2,1,2,2,2,0,2,1,0,86.55,1951.55
0,1,1,1,48,1,2,2,2,2,2,1,2,1,2,1,2,94.34,4777.7
0,1,1,1,16,1,0,2,1,1,1,1,0,0,2,1,1,80.79,5495.78
0,1,1,1,41,1,1,2,2,2,2,1,2,1,0,0,3,114.39,4718.75
1,0,0,0,40,0,1,0,1,0,1,0,0,1,2,1,1,58.87,7127.83
0,0,0,0,66,0,0,1,1,0,0,1,2,2,2,0,1,78,6439.22
1,1,1,1,67,1,2,1,0,0,0,2,0,0,2,0,1,114.8,5475.91
1,0,0,0,57,0,2,0,2,1,2,0,0,0,1,0,0,97.82,4572.42
0,0,0,0,24,0,2,2,0,2,0,0,1,0,0,1,0,53.18,5010.19
1,1,1,1,4,1,1,2,0,2,1,2,0,2,2,0,3,51.02,2603.45
0,1,1,1,5,1,2,1,2,2,0,1,1,2,2,0,1,115.64,4219.01
1,1,1,1,60,1,0,1,0,0,0,1,1,2,0,0,0,88.35,7148.06
1,0,0,0,50,0,1,1,1,1,0,2,2,2,0,1,0,20.9,3278.46
1,1,1,1,54,1,1,1,2,0,0,0,1,2,1,1,1,64.62,1259.62
0,0,0,0,0,0,1,2,1,1,1,0,2,1,0,1,1,113.79,384.13
1,0,0,0,1,0,2,0,2,0,0,2,2,0,1,0,0,26.07,5379.08
1,1,1,1,48,1,0,0,0,0,1,1,2,2,2,1,0,117.86,3045.45
0,1,1,1,19,1,1,1,0,1,2,2,0,1,2,1,2,101.76,7830.55
0,1,1,1,53,1,2,2,0,1,0,2,1,0,0,1,2,47.42,1146.53
0,1,1,1,13,1,1,2,1,0,1,2,2,2,2,0,2,41.7,5521.75
1,1,1,1,44,1,2,1,1,2,1,2,1,2,2,1,0,89.05,1418.82
1,0,0,0,11,0,0,1,1,2,0,2,1,0,0,1,2,26.87,1118.97
0,1,1,1,52,1,2,2,1,0,2,0,2,1,0,1,3,96.5,6323.02
0,1,1,1,33,1,1,0,2,1,0,0,1,0,2,1,0,89.43,554.41
0,1,1,1,49,1,1,0,1,2,2,2,2,0,2,1,0,99.36,2609.47
1,1,1,1,48,1,1,0,2,1,0,0,0,1,0,1,0,44.9,6831.87
0,1,1,1,20,1,2,0,2,2,2,1,0,2,0,1,0,105.92,790.3
0,0,0,0,29,0,2,0,2,2,0,2,1,0,1,0,1,34.94,3879.58
1,1,1,1,14,1,0,1,0,2,2,1,2,0,2,0,2,67.58,7079.51
0,1,1,1,3,1,1,2,1,2,0,1,2,0,0,1,1,85.93,4270.64
1,1,1,1,27,1,2,2,0,1,0,1,0,2,0,1,0,61.6,7968.79
1,0,0,0,9,0,1,0,0,2,0,0,0,0,1,0,3,74.19,6612.35
1,0,0,0,15,0,1,1,0,2,2,2,1,0,1,1,2,104.28,158.98
0,1,1,1,27,1,1,2,1,2,2,0,2,2,1,0,0,34.32,5708.96
1,0,0,0,1,0,1,1,2,2,2,0,2,0,2,1,2,94.72,3810.25
1,0,0,0,8,0,0,1,0,0,0,2,0,2,0,0,0,23.84,2017.64
0,0,0,0,20,0,1,2,0,1,2,0,0,1,0,0,0,86.72,7839.33
0,0,0,0,2,0,2,0,2,2,0,1,2,0,1,1,2,96.58,3839.95
1,1,1,1,25,1,2,1,2,1,2,1,2,2,0,0,1,31.25,127.86
1,0,0,0,54,0,2,1,1,2,0,1,0,2,1,1,1,40.77,4093.34
0,0,0,0,70,0,0,2,1,2,0,1,0,0,0,0,0,78.91,456.52
0,1,1,1,53,1,1,1,2,0,2,0,0,1,1,1,0,27.18,805.11
1,1,1,1,50,1,1,0,1,0,0,1,1,1,0,1,0,95.97,330.87
1,0,0,0,42,0,0,0,0,1,1,2,0,0,0,0,1,30.27,2387.48
0,1,1,1,15,1,0,1,1,0,0,0,1,1,1,1,2,115.79,5700.11
0,1,1,1,12,1,1,2,0,1,0,1,1,1,0,1,1,57.8,5095.57
0,1,1,1,12,1,1,2,2,0,2,1,1,1,2,0,3,117.01,6461.04
0,1,1,1,57,1,2,2,0,0,1,1,0,1,2,0,2,119.51,7350.27
1,1,1,1,5,1,0,1,2,2,0,2,2,0,2,1,3,46.89,2096.32
1,1,1,1,10,1,0,0,1,1,0,1,2,0,1,1,1,101.38,7755.03
1,0,0,0,8,0,2,1,2,2,2,2,0,0,2,1,2,24.71,7462.26
1,0,0,0,27,0,1,1,0,0,0,0,2,2,1,1,2,23.57,598.97
1,0,0,0,19,0,2,1,2,0,1,1,1,2,2,0,2,60.2,692.64
1,0,0,0,49,0,2,1,1,1,1,0,0,2,0,1,3,59.51,3442.05
0,1,1,1,34,1,2,0,2,2,0,1,1,1,1,1,2,90.77,948.8
0,0,0,0,52,0,1,0,2,0,1,1,2,1,2,0,1,116.96,2164.47
0,1,1,1,66,1,2,0,0,2,2,2,1,2,0,0,3,113.02,5694.28
0,1,1,1,17,1,0,0,0,1,1,2,0,1,1,1,0,65.56,7675.95
1,0,0,0,7,0,1,2,0,2,0,1,2,1,1,0,0,87.12,6767.13
0,1,1,1,48,1,0,0,2,0,1,0,0,1,2,0,1,74.08,7841.25
0,0,0,0,55,0,0,1,0,1,2,1,1,0,1,0,1,33.88,6617.04
1,0,0,0,44,0,0,2,0,1,2,2,0,0,2,0,3,108.58,1739.76
1,1,1,1,36,1,2,2,1,1,2,1,1,1,1,0,1,22.1,2395.06
0,1,1,1,52,1,1,2,2,2,0,2,1,1,1,0,2,112.57,4717.99
1,0,0,0,59,0,0,2,1,0,1,1,2,1,1,1,1,73.33,4592.65
0,1,1,1,30,1,2,0,2,0,0,1,1,0,0,0,2,94.83,5457.2
0,1,1,1,1,1,1,2,2,0,0,0,2,0,1,0,2,76.41,3688.39
1,1,1,1,68,1,2,2,0,1,2,1,0,2,1,0,0,58.87,3667.66
1,0,0,0,45,0,1,0,1,2,0,2,2,0,0,1,0,42.09,1734.15
0,0,0,0,5,0,1,1,2,1,0,2,1,2,2,0,2,119.63,1978.29
0,1,1,1,22,1,2,2,1,2,0,0,0,2,2,1,0,99.92,1209.77
0,1,1,1,21,1,2,0,1,0,1,0,1,0,1,0,0,105.74,4788.3
1,0,0,0,26,0,0,0,0,1,0,1,2,2,0,1,1,67.52,7867.17
0,1,1,1,17,1,0,0,2,0,1,0,0,2,2,1,3,86.17,1737.86
1,0,0,0,4,0,2,1,1,0,1,2,0,0,0,0,2,117.9,4301.59
1,1,1,1,26,1,2,0,2,0,0,2,1,2,1,1,0,29.52,7064.51
1,1,1,1,67,1,2,1,1,2,2,1,0,1,0,0,3,94.99,2098.46
1,0,0,0,35,0,1,0,0,2,1,2,1,1,1,1,0,25.96,5108.55
0,1,1,1,70,1,2,0,2,0,2,1,1,2,0,1,2,63.67,7993.36
1,0,0,0,19,0,2,0,0,2,0,1,0,2,1,1,1,30.16,4786.5
1,1,1,1,15,1,2,2,2,2,2,2,2,2,0,1,1,35.7,4540.6
0,1,1,1,27,1,2,0,2,0,1,1,0,0,1,1,1,103.41,5525.13
0,0,0,0,12,0,1,1,0,2,0,0,0,1,0,0,2,78.56,3336.11
1,0,0,0,37,0,1,1,0,1,1,0,2,1,1,1,2,50.04,4638.3
0,1,1,1,65,1,2,0,0,0,0,0,0,0,0,1,0,32.28,6002.18
0,1,1,1,6,1,2,2,0,1,2,0,2,0,0,0,0,61.99,6363.93
0,1,1,1,39,1,2,0,2,2,1,0,1,0,2,1,1,72.45,7548.97
1,0,0,0,14,0,1,2,0,1,0,0,2,1,2,0,2,39.29,562.55
0,1,1,1,32,1,0,1,2,1,1,1,1,0,0,1,3,96.89,1251.25
0,0,0,0,69,0,2,0,2,2,1,0,0,2,0,1,2,104.92,4168.44
1,1,1,1,39,1,1,2,2,2,2,1,2,2,2,0,1,51.44,874.95
1,1,1,1,65,1,0,0,2,2,0,1,1,1,2,0,0,113.62,6153.75
1,1,1,1,59,1,2,2,1,2,2,1,0,1,2,1,2,50.84,2758.34
1,1,1,1,29,1,1,0,0,2,2,1,2,2,1,0,3,21.02,2864.85
0,1,1,1,30,1,2,2,0,0,0,2,1,2,1,0,2,106.57,1673.58
0,1,1,1,18,1,2,1,1,2,1,1,1,2,2,0,1,29.35,3212.71
0,1,1,1,29,1,0,2,1,0,0,0,2,1,0,1,1,34.06,1744.64
1,0,0,0,27,0,2,2,0,2,1,1,2,1,1,0,3,84.54,748.87
1,0,0,0,59,0,2,2,0,1,2,1,1,0,2,1,2,76.07,69.39
0,1,1,1,41,1,1,2,2,1,0,2,1,1,1,0,2,111.47,7478.44
0,1,1,1,30,1,1,1,2,1,1,2,1,1,2,0,1,30.87,2361.94
0,1,1,1,1,1,1,2,2,2,1,1,2,0,1,1,2,102.4,1588.94
1,0,0,0,37,0,0,1,0,2,2,0,1,0,2,1,2,45.28,4503.27
1,0,0,0,60,0,1,2,2,2,0,2,1,1,1,0,2,79.22,5719.87
0,0,0,0,49,0,1,2,2,1,2,0,2,2,2,1,1,87.81,2735.49
1,0,0,0,33,0,0,0,0,1,0,0,2,0,1,1,0,118.14,2154.35
1,1,1,1,36,1,1,2,1,0,2,1,2,2,1,0,1,39.38,4507.61
0,0,0,0,16,0,0,2,2,1,2,0,1,0,2,1,2,45.17,7099.52
1,0,0,0,66,0,2,2,1,0,2,2,0,2,2,0,3,118.31,3521.72
1,1,1,1,28,1,2,1,0,1,1,2,2,0,1,1,1,52.76,3253.86
1,1,1,1,43,1,0,2,1,0,0,1,2,1,1,1,0,48.3,2197.3
0,0,0,0,43,0,1,1,1,1,0,1,2,2,2,1,1,109.92,7709.65
0,0,0,0,23,0,1,2,0,0,1,2,1,1,2,0,2,72.81,5137.77
1,1,1,1,58,1,1,1,0,1,2,2,1,2,1,0,1,32.03,2409.63
0,0,0,0,54,0,2,1,1,0,2,2,0,1,2,0,3,98.49,4532.21
1,1,1,1,1,1,0,2,1,1,0,1,1,2,0,1,1,52.23,1929.94
0,0,0,0,64,0,2,2,1,1,0,0,2,0,1,1,1,87.26,5999.95
0,1,1,1,29,1,0,0,1,0,1,0,1,0,2,1,1,113.62,4946.84
0,0,0,0,43,0,2,2,2,1,1,1,2,1,1,1,2,98.99,2500.14
0,1,1,1,3,1,1,2,2,1,2,0,2,2,0,1,3,117.39,6619.18
1,0,0,0,50,0,1,2,1,1,1,2,1,0,2,0,3,109.88,629.29
1,1,1,1,29,1,2,0,1,1,1,2,1,1,1,1,2,69.28,4180.75
1,0,0,0,0,0,2,0,2,0,1,0,0,1,0,1,3,107.78,3648.53
0,1,1,1,36,1,1,2,2,1,1,2,0,0,0,1,3,67.05,7372.67
0,1,1,1,42,1,2,2,1,1,0,0,0,2,0,0,0,20.09,7217.18
1,0,0,0,11,0,0,0,0,0,1,2,1,2,1,1,3,110.54,3860.9
1,1,1,1,33,1,0,2,2,0,2,1,0,1,1,1,3,81.49,7799.29
1,1,1,1,27,1,2,1,1,1,1,1,2,0,0,0,3,99.5,6730.13
1,1,1,1,34,1,0,2,0,2,2,2,2,1,2,1,1,97.36,6612.93
0,1,1,1,51,1,1,2,2,2,1,1,2,1,2,1,2,109.26,4194.87
0,0,0,0,31,0,1,1,1,1,1,2,0,1,0,1,0,95.43,913.31
0,1,1,1,26,1,2,2,1,1,0,0,0,0,1,0,1,118.12,6706.33
1,1,1,1,10,1,0,1,0,0,2,1,1,2,0,1,2,29.69,6064.39
0,1,1,1,25,1,1,0,0,2,0,1,2,0,0,0,1,76.02,3667.2
1,1,1,1,51,1,1,2,1,0,2,2,0,1,2,1,0,49.15,7430.8
1,0,0,0,51,0,0,0,0,1,0,1,1,0,2,1,2,88.13,6829.59
0,1,1,1,3,1,0,0,2,2,1,2,2,0,0,1,1,82.04,170.56
0,1,1,1,70,1,0,2,1,0,2,0,1,1,1,0,2,74.99,5145.93
0,1,1,1,48,1,1,0,1,0,1,2,0,2,2,0,3,78.92,5915.38
0,0,0,0,41,0,0,0,0,2,0,1,2,1,1,1,1,53.71,5914.18
1,1,1,1,44,1,1,1,2,0,0,0,0,1,1,0,2,90.45,4089.17
1,1,1,1,62,1,2,2,1,1,0,0,1,2,2,0,2,62.64,6059.72
1,1,1,1,21,1,2,2,0,1,0,2,1,2,1,1,0,79.94,3953.76
0,1,1,1,49,1,2,1,0,0,2,0,0,2,1,1,1,95.68,942.15
0,1,1,1,0,1,2,2,1,0,2,0,0,1,2,1,3,87.87,4003.72
1,1,1,1,70,1,0,1,1,2,1,2,1,1,0,1,0,33.7,614.74
1,0,0,0,51,0,0,0,1,2,1,1,2,0,2,1,0,116.55,4678.26
1,0,0,0,1,0,0,2,2,1,2,0,0,0,0,1,0,79.35,1789.09
1,1,1,1,54,1,0,2,0,1,0,1,1,1,2,1,1,78.1,4717.2
1,0,0,0,59,0,2,2,1,0,0,2,1,1,0,0,1,49.66,6769.03
1,1,1,1,22,1,2,0,2,1,2,1,1,0,2,1,1,91.21,3610.62
1,0,0,0,70,0,0,2,1,2,0,0,1,1,0,1,3,96.95,7439.27
1,0,0,0,11,0,0,2,2,1,2,0,1,0,0,0,3,84.22,2755.59
1,0,0,0,60,0,1,0,0,0,1,2,2,1,0,1,1,111.29,679.3
1,0,0,0,14,0,1,0,1,2,0,2,2,0,0,0,1,81.15,2724.79
1,1,1,1,1,1,1,2,0,0,1,1,2,1,2,1,0,76.64,3953.32
0,1,1,1,8,1,0,2,1,2,2,2,2,0,0,1,0,98.06,5368.3
1,1,1,1,10,1,0,2,0,1,1,2,1,0,0,0,3,113.23,3295.71
1,1,1,1,60,1,1,2,2,0,1,2,2,1,2,0,3,37.37,1657.08
1,1,1,1,58,1,1,1,2,0,1,2,1,0,0,0,3,99.26,5661.92
1,1,1,1,34,1,0,1,0,0,1,1,0,0,1,0,0,115.15,516.08
0,1,1,1,39,1,1,1,0,0,0,0,0,1,2,0,3,88.62,1576.68
0,1,1,1,6,1,1,2,0,0,1,0,1,0,2,0,1,83.99,680.07
0,0,0,0,25,0,2,1,2,0,1,0,1,0,0,0,1,62.28,6939.59
1,0,0,0,34,0,1,1,1,2,2,2,1,0,2,1,0,73.22,3866.74
0,1,1,1,49,1,1,2,0,1,0,0,0,1,0,1,1,99.07,7161.22
0,0,0,0,17,0,2,2,0,0,2,1,1,2,1,0,3,116.87,7817.68
1,0,0,0,44,0,0,2,1,0,2,0,0,1,1,1,2,70.42,2157.28
1,1,1,1,8,1,2,2,0,0,2,2,1,2,2,1,0,101.23,221.56
1,1,1,1,55,1,1,2,0,0,1,2,2,2,1,0,3,23.34,7910
1,0,0,0,8,0,0,2,1,1,0,1,1,1,2,0,1,66.81,1577.26
1,0,0,0,0,0,2,0,1,1,1,1,1,2,1,1,0,66.5,96.63
0,0,0,0,38,0,2,2,2,1,1,2,0,1,0,1,3,42.88,6544.68
0,1,1,1,25,1,0,0,0,1,2,0,0,2,2,0,2,64.45,3559.44
0,0,0,0,53,0,1,1,1,0,1,0,0,0,1,1,1,86.92,2464.06
0,1,1,1,40,1,1,2,2,2,2,2,1,2,0,0,3,25.49,6027.42
0,0,0,0,28,0,0,1,2,2,2,1,2,2,2,1,2,64.49,6609.27
0,1,1,1,64,1,0,1,2,0,0,2,1,2,1,0,2,109.05,2694.68
0,1,1,1,31,1,1,2,0,1,1,2,2,1,2,1,3,105.18,4547.95
1,1,1,1,43,1,1,2,1,0,1,1,0,1,2,0,3,34.37,4424.39
1,0,0,0,9,0,1,2,1,1,1,1,0,2,2,1,2,29.16,6963.44
1,1,1,1,48,1,0,2,2,0,0,2,2,2,2,0,0,82.71,258.82
0,0,0,0,67,0,2,2,2,1,2,0,1,0,0,0,1,117.92,1945.93
0,0,0,0,19,0,0,2,0,0,2,0,2,0,1,1,2,40.77,4332.72
0,1,1,1,22,1,2,1,0,0,1,0,2,0,0,0,0,70.5,7361.42
0,0,0,0,6,0,1,1,0,2,2,2,0,2,1,0,2,99.44,4255.88
1,0,0,0,18,0,2,2,2,1,2,1,0,0,0,0,2,69.48,822.37
1,1,1,1,41,1,1,0,2,2,2,1,1,0,1,1,0,97.6,6649.14
1,0,0,0,20,0,2,0,0,1,2,2,2,1,2,0,2,32.31,7266.14
0,1,1,1,51,1,2,2,1,0,0,2,2,1,0,0,1,62.77,35.33
1,0,0,0,44,0,2,1,1,1,0,0,2,2,1,1,3,97.27,7636.99
0,0,0,0,25,0,1,1,0,2,1,2,2,2,1,1,1,108.2,877.55
1,0,0,0,14,0,0,1,0,1,2,2,0,2,0,1,0,101.5,5464.86
1,1,1,1,16,1,0,0,0,2,2,0,1,1,0,0,1,43.79,6215.2
0,0,0,0,52,0,0,0,1,0,2,2,2,0,2,1,2,31.46,3722.89
0,0,0,0,18,0,0,0,0,0,0,2,2,0,0,0,2,68.88,5385.21
1,1,1,1,21,1,0,2,0,1,0,2,2,1,2,1,3,117.98,5430.51
1,1,1,1,54,1,2,2,0,2,2,0,1,1,2,0,3,109.89,2526
0,0,0,0,36,0,1,0,0,2,2,2,2,0,2,0,0,72.99,3828.16
0,0,0,0,11,0,1,0,0,1,1,1,2,0,0,1,2,30.11,2406.81
0,0,0,0,58,0,0,1,2,2,0,1,1,1,1,0,2,103.99,4372.94
0,0,0,0,0,0,2,1,0,0,2,2,1,0,0,0,3,67.19,3588.19
1,0,0,0,42,0,2,0,1,0,2,0,2,1,0,0,0,35.2,3767.9
1,0,0,0,18,0,1,1,0,2,2,2,0,1,0,1,1,78.11,278.54
1,1,1,1,58,1,0,1,2,0,0,0,0,2,2,1,3,117.28,2984.19
1,1,1,1,19,1,2,1,1,2,0,1,2,1,0,0,1,58.71,4261.58
0,0,0,0,69,0,0,2,0,1,2,1,1,0,1,1,2,38.54,1380.97
0,1,1,1,35,1,1,0,2,1,2,2,2,2,1,1,2,91.03,5534.95
1,0,0,0,47,0,2,2,0,2,0,0,1,2,0,0,3,100.33,5392.07
0,0,0,0,30,0,2,0,0,0,1,1,0,1,2,0,1,86.61,7206.02
1,1,1,1,46,1,1,0,2,0,0,0,2,1,1,1,1,73.9,5429.59
0,0,0,0,6,0,1,2,1,0,1,1,1,0,0,0,2,50.24,983.04
0,0,0,0,27,0,0,0,2,0,0,2,0,1,2,1,3,24.08,7054.12
1,1,1,1,8,1,2,0,2,2,0,2,1,0,0,0,3,57.67,4830.58
1,1,1,1,54,1,0,1,0,1,0,1,2,0,2,0,0,112.51,3779.7
1,0,0,0,19,0,2,0,1,0,2,2,1,0,0,1,1,58.93,7216.25
0,1,1,1,17,1,1,0,0,1,0,0,0,2,2,1,0,119.2,1463.22
1,0,0,0,48,0,2,2,0,1,2,2,1,1,0,0,0,48.38,435.66
0,1,1,1,68,1,2,1,1,0,1,1,2,0,2,1,0,27.12,650.55
1,0,0,0,45,0,1,2,2,0,0,1,1,2,1,0,3,83.32,6607.17
1,1,1,1,68,1,0,0,0,2,1,2,2,1,1,0,3,57.56,7477.36
0,0,0,0,23,0,1,0,0,1,0,1,0,2,2,1,0,39.3,3059.96
1,1,1,1,56,1,1,1,0,2,0,1,1,0,0,0,2,38.06,2011.78
0,0,0,0,51,0,2,0,1,1,2,0,0,1,0,1,1,68.12,848.27
0,1,1,1,39,1,2,1,1,1,2,0,1,2,1,1,3,74.48,2774.81
1,0,0,0,23,0,2,0,1,2,0,2,1,1,2,0,3,84.3,2302.79
0,0,0,0,48,0,0,1,2,1,1,1,1,0,0,1,0,104.46,5323.72
1,0,0,0,31,0,1,1,2,2,2,1,1,1,0,0,1,102.96,6059.53
1,0,0,0,18,0,1,0,2,2,2,0,2,0,2,0,1,62.4,2234.14
1,1,1,1,27,1,1,0,0,2,2,0,1,1,1,0,2,74.76,555.62
1,0,0,0,14,0,2,2,2,2,2,1,2,2,2,0,0,61.19,2780.98
0,0,0,0,16,0,1,1,1,2,2,1,2,1,1,1,2,77.68,2974.37
0,1,1,1,36,1,1,2,2,1,1,2,0,0,1,0,1,81.23,1552.17
1,1,1,1,26,1,0,1,0,1,0,2,2,0,1,0,3,35.4,411.73
1,0,0,0,33,0,1,2,0,0,1,0,1,1,0,1,1,62.77,7493.17
1,1,1,1,54,1,2,1,0,2,0,1,0,0,0,0,0,98.27,2769.06
0,1,1,1,32,1,0,2,1,2,1,0,0,0,0,0,0,115.07,2648.07
0,1,1,1,68,1,0,1,1,2,2,0,1,1,1,0,1,102.11,6545.14
1,0,0,0,7,0,1,0,1,1,2,1,0,0,0,1,3,35.18,3920.2
0,0,0,0,47,0,1,2,1,1,2,2,0,0,2,0,0,43.81,3903.06
1,1,1,1,30,1,0,1,1,2,1,1,1,2,2,1,2,52.78,1101.98
1,1,1,1,46,1,1,0,1,2,1,1,2,2,2,1,3,44.41,5739.91
1,0,0,0,60,0,1,0,0,0,0,1,1,0,1,0,1,63.55,4891.1
0,1,1,1,15,1,0,0,2,2,0,0,0,0,0,1,2,43.2,975.38
1,0,0,0,35,0,2,0,1,0,2,0,2,0,0,0,2,74.49,2742.27
1,1,1,1,24,1,0,1,0,2,1,1,0,0,0,0,1,104.61,737.23
1,1,1,1,27,1,0,0,0,0,2,1,2,2,1,1,0,37.05,3652.13
0,1,1,1,26,1,2,2,1,2,1,0,2,1,1,1,3,75.71,3116.15
0,0,0,0,5,0,0,2,2,1,1,0,2,2,1,1,1,105.28,2198.99
1,1,1,1,48,1,1,2,0,0,2,2,2,2,0,0,2,26.87,828.62
1,0,0,0,22,0,2,2,2,2,0,2,2,0,2,1,2,70.34,7967.82
0,1,1,1,50,1,1,0,2,0,0,1,2,1,2,1,1,119.48,6635.67
0,1,1,1,58,1,0,2,1,0,1,0,0,1,0,0,0,53.27,6882.27
0,0,0,0,64,0,1,0,1,1,1,1,0,0,1,1,2,104.58,5928.55
1,0,0,0,2,0,1,0,1,2,1,2,0,2,2,0,2,37.49,6029.76
1,0,0,0,49,0,2,1,0,0,0,2,2,1,2,1,0,51.09,6354.87
1,0,0,0,42,0,2,0,0,0,1,0,1,1,0,1,3,53.8,4574.72
0,0,0,0,45,0,0,2,2,2,1,2,1,2,0,0,2,52.47,3949.94
0,0,0,0,35,0,0,0,0,1,2,2,1,1,0,0,0,67.06,1026.86
1,0,0,0,44,0,1,0,0,0,1,1,0,2,2,0,2,90.92,7495.36
1,1,1,1,24,1,2,0,0,0,1,1,2,2,1,1,3,62.98,7060.55
1,0,0,0,53,0,0,2,2,0,1,0,2,1,0,0,0,49.01,5656.08
1,1,1,1,59,1,1,1,1,2,1,0,1,0,2,1,0,82.87,6556.89
1,0,0,0,21,0,0,0,0,0,2,1,2,2,1,1,0,48.38,716.59
0,0,0,0,37,0,1,0,2,1,2,0,0,0,1,0,2,41.14,6809.65
0,1,1,1,15,1,1,2,1,0,0,1,0,2,1,0,2,80.9,4713.48
1,1,1,1,43,1,0,2,0,1,1,2,1,2,1,0,1,49.72,4551.44
0,0,0,0,21,0,2,2,2,1,1,0,2,2,2,0,3,94.43,3675.82
1,1,1,1,59,1,2,0,1,1,2,1,1,2,0,1,0,20.02,2788.16
0,1,1,1,23,1,0,0,1,2,1,1,1,2,1,0,3,81.46,600.75
0,1,1,1,30,1,1,0,0,1,0,2,1,2,0,1,1,110.42,2865.34
1,1,1,1,56,1,1,0,2,1,1,1,1,1,0,1,0,33.33,4870.25
1,0,0,0,26,0,2,0,2,2,2,0,0,1,0,1,3,110.87,2854.01
1,0,0,0,54,0,1,0,2,0,0,1,2,0,2,0,3,46.57,5296.28
1,0,0,0,19,0,1,2,1,1,2,1,1,0,2,1,1,42.95,1950.16
1,0,0,0,7,0,1,2,2,0,2,0,1,0,1,1,3,70.99,2321.28
0,1,1,1,2,1,2,1,2,1,0,1,1,2,0,1,1,91.01,3528.84
1,0,0,0,52,0,0,0,2,0,2,2,1,1,0,1,2,62.74,1602.73
1,1,1,1,54,1,2,2,2,2,0,0,1,0,1,0,3,70.05,3271.28
1,1,1,1,48,1,1,2,1,1,0,0,2,1,1,1,2,90.76,4228.74
0,1,1,1,43,1,2,1,2,1,2,0,0,1,2,0,0,91.32,4921.71
1,1,1,1,36,1,0,0,1,1,1,1,1,1,1,1,3,25.69,3258.15
0,0,0,0,31,0,1,2,2,1,2,1,2,0,0,1,1,104.03,3776.41
0,1,1,1,41,1,2,2,0,0,0,0,2,0,0,1,3,43.88,5223.92
1,1,1,1,53,1,1,1,2,1,2,2,1,2,2,1,0,88.17,5529.16
1,0,0,0,8,0,1,2,0,2,0,1,2,0,2,0,2,49.61,378.3
0,1,1,1,33,1,2,1,0,1,1,0,1,1,2,0,1,75.18,296.58
0,0,0,0,17,0,0,0,2,1,2,1,2,1,1,0,2,38.98,2047.6
1,1,1,1,61,1,0,0,1,0,1,1,2,2,2,0,0,23.2,3088.61
0,1,1,1,27,1,0,2,0,1,0,1,0,0,1,1,3,79.97,6834.84
1,0,0,0,4,0,0,1,1,2,0,1,2,2,2,1,3,112.28,1095.72
1,1,1,1,50,1,0,2,2,0,0,2,2,2,2,0,2,93.49,7002.65
0,0,0,0,10,0,2,1,1,0,0,1,1,1,0,0,2,112.59,6772.4
1,0,0,0,20,0,2,1,2,2,2,1,1,0,1,1,1,65.4,1735.91
1,1,1,1,51,1,1,2,0,0,1,0,0,1,0,0,3,93.09,4759.28
1,0,0,0,8,0,1,0,2,1,1,2,2,2,0,0,0,66.11,3961.91
1,1,1,1,19,1,0,0,1,0,1,0,0,1,2,1,0,20.41,2817.02
1,0,0,0,30,0,1,0,2,0,1,0,2,1,2,0,3,88.56,325.87
1,1,1,1,14,1,0,0,2,0,1,0,2,2,0,1,2,68.32,7664.35
1,0,0,0,19,0,1,0,0,1,2,1,0,0,2,0,0,63.99,3733.9
0,0,0,0,34,0,1,2,0,1,2,2,0,0,0,0,3,104.88,6713.15
1,1,1,1,14,1,1,0,2,1,2,1,1,2,0,0,2,85.99,6464.44
0,1,1,1,56,1,0,2,0,1,0,1,2,1,1,0,3,117.83,1629.24
1,1,1,1,53,1,2,0,1,1,0,2,2,0,1,1,0,20.03,6101.9
1,0,0,0,68,0,0,0,1,0,0,2,2,2,2,1,3,83.04,5731.34
1,1,1,1,45,1,1,0,1,2,2,1,0,0,2,0,2,82.2,6556.92
0,0,0,0,0,0,1,1,0,1,1,2,2,0,2,0,2,62.7,3671.04
1,1,1,1,60,1,0,1,2,0,0,2,1,2,1,0,1,111.4,7094.64
0,1,1,1,52,1,2,2,1,1,2,0,1,1,0,1,0,75.29,5688.1
1,0,0,0,69,0,0,1,2,2,1,0,2,0,0,0,2,80.07,5536.53
0,1,1,1,39,1,2,1,0,1,1,0,2,1,1,1,1,38.54,2178.37
0,0,0,0,61,0,2,1,1,2,0,0,2,2,2,1,2,93.04,1106.56
1,0,0,0,57,0,1,2,1,1,2,0,2,0,1,1,3,73.25,1608.08
0,0,0,0,48,0,2,2,1,1,0,1,0,0,0,1,0,47.68,6456.69
1,0,0,0,57,0,1,1,1,1,1,0,2,2,2,1,3,86.21,6426.3
0,0,0,0,67,0,1,1,1,2,2,1,0,0,1,0,2,57.98,5954.37
1,1,1,1,22,1,2,0,2,2,0,1,2,0,2,1,1,74.49,2393.69
0,0,0,0,10,0,0,2,0,2,1,0,2,1,1,0,3,119.49,7934.51
0,0,0,0,14,0,0,1,0,1,1,0,2,2,2,0,3,91.14,1073.48
1,1,1,1,57,1,1,0,2,0,1,1,0,1,1,1,2,82.89,7979.73
0,1,1,1,7,1,1,0,2,2,1,2,2,2,1,0,0,106.68,247.4
0,1,1,1,3,1,2,0,0,0,1,1,2,0,0,1,1,90.34,665.97
0,0,0,0,59,0,2,2,1,1,2,1,2,2,0,1,1,46.21,961.27
1,0,0,0,57,0,0,1,1,2,2,2,0,2,1,1,0,117.19,5491.17
0,0,0,0,21,0,1,1,0,0,1,1,1,2,1,1,1,44.48,1578.71
0,1,1,1,20,1,2,1,0,1,1,0,2,1,1,1,2,112.51,1182.35
1,1,1,1,29,1,0,1,0,1,2,0,2,1,1,1,0,34.23,2266.17
0,0,0,0,51,0,0,0,2,1,0,0,1,2,0,0,2,28.19,7515.15
0,0,0,0,14,0,0,1,2,0,2,2,0,2,0,0,0,89.88,2034.97
1,1,1,1,70,1,0,2,2,0,0,2,1,2,0,0,1,53.4,6364.53
0,0,0,0,30,0,0,1,2,1,1,0,0,2,1,0,2,45.23,3224.47
1,0,0,0,43,0,1,1,1,1,0,1,2,0,1,1,0,104.54,3279.33
0,1,1,1,1,1,1,0,2,1,1,0,0,0,2,1,0,102.02,6591.58
0,1,1,1,46,1,2,0,2,1,1,2,0,2,1,0,0,114.54,7151.36
0,1,1,1,36,1,2,0,1,1,2,1,2,0,0,0,0,56.51,5722.77
1,0,0,0,56,0,1,1,0,2,2,1,1,0,2,1,2,72.05,5567.14
0,1,1,1,34,1,2,2,0,0,2,0,2,2,0,0,2,103.69,1880.06
0,1,1,1,59,1,2,1,1,0,0,2,0,0,0,1,2,54.76,1738.28
0,1,1,1,1,1,0,2,1,2,2,1,2,1,0,0,2,30.35,4688.47
0,1,1,1,24,1,2,1,2,1,2,0,1,1,2,1,2,85.94,4124.16
0,1,1,1,3,1,0,1,1,1,2,2,2,0,1,0,2,41.72,55.47
0,1,1,1,36,1,1,1,1,0,2,1,2,0,1,0,1,84.88,166.87
0,0,0,0,47,0,0,1,0,2,0,0,0,0,1,1,2,47.08,4946.92
1,0,0,0,14,0,0,2,2,0,2,2,2,1,1,0,3,106.73,784.87
1,0,0,0,52,0,0,2,0,1,0,0,0,2,2,1,0,81.64,2692.12
1,0,0,0,7,0,1,2,0,2,1,2,0,1,2,1,0,84.96,883.12
0,0,0,0,8,0,1,1,0,2,1,0,1,0,0,1,3,111.6,71.44
1,0,0,0,49,0,0,1,1,0,0,0,2,1,1,1,1,110.38,4632.25
1,1,1,1,25,1,1,2,2,1,0,2,0,2,1,0,2,40.27,1321.27
1,1,1,1,45,1,2,2,2,1,0,2,0,0,2,1,3,109.73,7808.69
0,1,1,1,34,1,2,2,1,2,0,0,0,1,1,0,2,100.87,2927.31
0,0,0,0,6,0,2,2,1,2,0,2,1,0,1,0,2,111.53,5700.18
1,1,1,1,28,1,0,0,1,0,2,1,1,1,1,0,0,97.3,2649.12
1,1,1,1,25,1,0,2,1,0,0,2,2,0,2,0,0,67.81,3139.47
1,0,0,0,22,0,2,1,1,2,0,2,2,2,1,0,0,68.06,5648.57
1,1,1,1,11,1,2,1,2,0,1,2,2,2,2,1,1,114.19,4971.05
1,0,0,0,8,0,2,1,0,1,1,2,0,1,1,1,0,97.79,2261.07
0,1,1,1,50,1,1,0,2,2,2,0,2,1,1,0,3,34.48,7834.07
0,0,0,0,46,0,1,2,1,0,0,1,1,0,2,0,1,117.05,1611.58
1,0,0,0,13,0,2,2,1,0,0,0,1,0,2,1,1,68.16,4684.87
0,1,1,1,64,1,0,1,1,1,0,2,1,0,1,0,3,111.37,554.19
1,1,1,1,38,1,0,0,0,0,2,0,0,1,2,1,2,52.41,1243.23
1,1,1,1,41,1,0,2,0,2,2,0,0,2,2,0,2,70.61,6662.66
0,0,0,0,39,0,2,2,1,0,1,0,2,2,2,0,2,23.92,5383.2
1,1,1,1,68,1,2,1,2,1,2,2,0,2,0,1,0,112.17,1736.85
1,1,1,1,5,1,1,1,0,1,2,0,0,0,1,1,1,20.64,959.39
1,1,1,1,3,1,0,2,1,1,2,1,1,2,2,0,0,96.95,349.06
1,1,1,1,67,1,2,1,0,0,0,2,0,1,2,1,1,29.29,6142.49
1,0,0,0,34,0,2,0,2,2,2,0,1,2,1,0,3,85.03,7364.86
1,1,1,1,57,1,2,1,0,0,2,0,0,0,2,0,3,56.07,7743.52
1,0,0,0,6,0,1,2,1,2,2,1,0,1,2,0,2,89.26,3849.33
0,0,0,0,34,0,1,1,0,0,1,2,1,0,2,0,2,92.49,5077.71
1,0,0,0,66,0,0,2,2,1,0,0,2,0,2,0,0,84.9,970.63
1,1,1,1,40,1,1,2,1,1,0,1,0,0,2,1,1,100.28,4347.05
0,0,0,0,58,0,1,1,0,0,2,0,1,0,1,1,3,100.51,2115.98
1,0,0,0,7,0,2,0,1,1,0,2,2,1,0,1,2,97.84,577.65
0,1,1,1,5,1,1,0,1,1,2,1,0,0,1,1,3,50.12,6083.78
0,1,1,1,27,1,0,2,2,0,1,1,2,2,1,1,1,21.82,5592.63
1,1,1,1,39,1,0,1,0,2,1,0,0,0,0,0,2,47.52,5091.21
1,1,1,1,41,1,1,0,1,2,1,0,2,1,1,1,0,103.94,4887.74
1,1,1,1,64,1,0,0,2,1,0,1,0,1,2,1,2,80.32,7299.13
0,1,1,1,28,1,1,1,1,2,1,0,1,2,0,0,1,53.31,308.42
0,0,0,0,70,0,2,0,2,2,0,1,2,2,2,0,1,101.46,731.36
1,1,1,1,58,1,1,2,0,2,0,2,2,0,0,1,3,116.55,867.61
1,0,0,0,64,0,1,1,2,1,1,2,0,2,2,0,3,80.47,1381.04
1,0,0,0,39,0,1,0,2,1,2,1,1,0,0,1,2,109.27,252.4
1,1,1,1,29,1,1,1,1,0,0,0,0,0,2,1,2,23.91,5549.9
0,0,0,0,63,0,2,1,0,0,2,0,1,0,0,0,1,59.1,543.35
0,1,1,1,69,1,1,2,0,0,0,0,2,0,2,1,1,62.68,6890.82
0,0,0,0,60,0,0,1,0,0,2,0,1,1,0,1,0,68.59,600.52
1,0,0,0,28,0,1,2,0,0,2,0,2,0,1,0,1,25.88,1958.56
1,0,0,0,45,0,1,0,1,2,1,1,0,1,0,0,1,59.7,1500.14
1,0,0,0,52,0,1,0,2,2,1,0,0,1,0,1,3,75.94,4631.23
1,0,0,0,9,0,0,1,1,1,0,0,0,2,0,1,3,30.55,2921.33
1,0,0,0,42,0,0,1,0,2,2,2,1,0,2,1,0,22.45,3031.49
1,1,1,1,24,1,2,0,2,2,1,2,2,2,2,1,1,32.05,7937.5
0,1,1,1,21,1,2,0,2,2,1,2,0,1,2,1,3,54.78,1014.62
0,1,1,1,50,1,1,0,1,2,1,1,1,2,1,0,0,46.4,434.42
0,1,1,1,70,1,2,2,1,1,0,1,0,2,1,0,1,36.6,4722.28
1,1,1,1,4,1,0,0,0,2,1,2,2,2,0,1,3,21.34,6475.12
0,1,1,1,25,1,2,2,0,0,0,0,0,0,1,1,1,119.17,3675.33
1,0,0,0,16,0,0,1,1,1,2,2,1,0,1,0,2,30.46,73.28
1,1,1,1,21,1,1,0,0,2,2,1,1,1,0,0,0,60.81,6779.95
0,1,1,1,42,1,1,1,2,1,0,0,0,0,2,0,2,20.51,4782.5
1,1,1,1,27,1,2,2,0,2,0,2,1,2,1,0,1,54.68,6959.88
1,0,0,0,53,0,1,0,1,0,2,2,2,2,2,0,0,96.99,7139.47
1,1,1,1,20,1,1,1,1,2,0,2,2,0,0,0,3,63.98,6051.46
0,0,0,0,65,0,0,1,1,0,0,0,1,0,1,1,1,77.35,5168.55
1,1,1,1,0,1,0,1,0,0,0,1,1,2,1,1,3,35.26,4371.02
0,1,1,1,65,1,1,2,2,1,0,2,2,0,0,0,2,76.05,7345.26
0,1,1,1,47,1,2,1,0,1,0,0,1,2,2,1,0,69.97,3354.63
0,1,1,1,41,1,0,1,0,0,2,2,0,1,2,1,3,115.49,2244.8
1,0,0,0,11,0,1,0,0,1,0,2,0,0,1,0,2,109.81,1028.24
0,1,1,1,16,1,2,1,2,2,2,1,0,0,0,0,0,51.75,6276.99
1,0,0,0,22,0,0,1,2,0,2,2,0,2,2,0,2,110.99,4642.62
1,0,0,0,5,0,2,1,0,2,1,2,0,1,0,1,3,90.64,4124.01
0,0,0,0,56,0,2,1,0,1,1,2,1,2,0,0,2,34.71,7598.15
1,0,0,0,43,0,2,1,2,0,1,2,1,1,2,1,3,34.07,2887.2
0,0,0,0,23,0,1,1,2,0,0,2,1,1,1,1,2,113.77,7524.59
1,0,0,0,51,0,2,1,2,0,1,2,1,2,0,0,2,78.72,3008.99
0,0,0,0,13,0,2,1,2,0,2,1,1,1,1,1,2,82.69,1713.18
1,0,0,0,3,0,2,1,1,2,2,1,2,0,0,1,1,52.43,2202.79
1,0,0,0,58,0,2,2,0,0,0,2,0,0,2,1,2,74.33,2609.49
0,0,0,0,28,0,2,0,0,1,2,2,1,2,2,0,0,94.72,6948.77
1,0,0,0,37,0,1,1,2,2,0,0,1,2,2,1,2,41.67,7620.38
1,0,0,0,67,0,1,0,2,0,0,2,1,1,0,0,1,39.72,6194.24
0,1,1,1,49,1,1,0,2,0,1,1,2,1,2,1,1,108,3052.27
1,1,1,1,31,1,2,2,1,0,0,2,0,1,0,0,0,51.52,7210.54
0,0,0,0,67,0,2,2,1,1,1,1,1,0,1,1,1,51.34,5411.38
0,1,1,1,71,1,0,1,0,2,1,1,1,0,1,1,2,87.83,7240.74
1,0,0,0,39,0,2,0,0,0,1,2,0,1,2,0,2,42.9,325.54
0,1,1,1,42,1,2,1,0,0,2,0,0,0,1,0,1,44.04,3779.75
0,0,0,0,10,0,1,0,2,2,2,2,0,0,0,1,1,82.16,7489.15
1,0,0,0,44,0,2,2,0,2,1,2,0,2,2,1,2,59.39,2052.39
0,1,1,1,70,1,1,1,0,1,0,0,0,2,1,0,1,96.45,2670.67
0,0,0,0,1,0,1,1,2,2,2,2,0,2,2,1,1,23.01,5144.05
0,0,0,0,19,0,1,0,2,1,2,2,1,1,2,1,3,93.82,3535.53
1,0,0,0,25,0,2,0,0,2,0,2,1,1,2,0,2,70.8,2547.55
1,1,1,1,67,1,2,0,1,2,2,2,0,0,0,0,1,88.39,6636.62
1,1,1,1,59,1,1,1,1,0,0,2,2,1,2,0,3,47.44,1367.6
1,0,0,0,52,0,1,0,1,1,2,1,2,2,1,1,1,91.42,6140.62
0,1,1,1,23,1,1,1,2,0,1,0,2,0,0,1,2,114.13,2951.48
1,0,0,0,38,0,0,1,1,1,2,0,1,2,2,0,1,98.54,1746.03
0,1,1,1,66,1,0,1,2,2,0,2,1,1,1,0,3,57.33,867.24
1,0,0,0,54,0,1,2,2,2,0,1,0,2,2,1,3,69.73,3377.62
1,1,1,1,63,1,2,1,1,1,0,0,1,1,1,1,1,31.49,6084.17
0,1,1,1,3,1,1,0,0,2,1,1,0,1,1,0,1,71.68,6237.09
0,0,0,0,55,0,1,2,2,2,1,1,1,0,0,0,1,96.26,3067.49
0,1,1,1,22,1,2,0,2,2,1,1,1,0,1,1,2,95.42,1888.73
1,0,0,0,36,0,1,2,2,1,0,1,0,2,2,0,1,77.14,1387.78
1,1,1,1,66,1,2,2,2,2,1,1,0,1,0,0,3,40.63,6803.85
1,0,0,0,9,0,2,1,2,2,1,1,0,1,0,1,1,80.77,917.04
1,1,1,1,11,1,1,0,2,1,0,0,1,1,1,0,0,94.5,7219.58
1,1,1,1,6,1,0,2,1,0,2,0,1,1,2,0,3,57.86,4906.91
0,0,0,0,11,0,0,0,0,0,0,2,1,0,0,1,0,88.95,5948.87
0,1,1,1,2,1,2,2,0,1,0,0,2,0,1,0,2,104.09,1901.56
0,0,0,0,52,0,1,0,1,2,0,1,1,0,2,1,2,59.86,794.03
1,1,1,1,23,1,2,2,0,1,1,2,1,1,0,0,1,101.2,4974.27
1,1,1,1,15,1,2,0,1,1,0,1,0,1,1,1,3,107.89,5001.57
0,0,0,0,7,0,2,1,0,1,2,1,1,0,0,0,2,96.02,4589.79
1,0,0,0,22,0,2,2,1,2,0,1,1,1,1,1,2,21.65,571.22
0,1,1,1,66,1,2,2,0,1,1,1,0,2,2,0,3,90.71,4232.24
1,1,1,1,33,1,0,2,1,2,2,2,1,2,1,1,0,30.96,3141.58
0,1,1,1,26,1,2,2,1,2,1,2,1,2,1,1,0,22.48,1627.69
1,1,1,1,21,1,1,2,1,0,0,2,0,2,1,1,0,99.7,3657.66
0,1,1,1,37,1,1,2,1,0,2,0,0,1,1,0,2,96.04,5279.73
1,0,0,0,7,0,1,1,2,1,0,0,2,2,1,1,2,33.04,4251.91
1,1,1,1,21,1,2,2,0,1,1,0,1,1,0,0,3,23.48,7296.44
1,0,0,0,35,0,2,0,2,2,2,1,0,0,0,0,2,60.59,643
0,1,1,1,6,1,1,1,0,2,1,0,1,0,0,0,3,62.11,4894.87
1,0,0,0,59,0,2,2,0,0,0,0,1,1,2,1,1,87,5821.73
0,1,1,1,30,1,1,2,1,1,1,1,2,0,0,0,1,100.3,6831.48
1,1,1,1,52,1,2,1,2,2,1,0,2,2,2,1,3,73.87,3530.4
0,1,1,1,22,1,2,0,1,0,0,2,0,1,0,0,1,31.19,5396.91
1,1,1,1,42,1,2,2,0,2,1,0,2,1,1,1,2,42.16,6883.81
0,0,0,0,37,0,2,1,0,0,1,2,1,0,2,0,2,38.96,505.49
0,0,0,0,11,0,1,2,1,2,1,1,1,0,1,0,1,119.41,1021.99
1,0,0,0,2,0,0,0,2,2,1,1,0,0,1,1,0,117.89,2418.11
1,1,1,1,44,1,1,0,0,0,0,1,2,2,2,1,3,61.53,2585.94
1,1,1,1,71,1,1,2,1,0,2,2,0,0,2,1,3,68.43,7588.46
1,1,1,1,25,1,2,0,0,0,2,2,2,0,2,0,3,83.55,3875.44
0,0,0,0,68,0,1,1,1,0,1,1,2,0,0,0,3,74.31,5185.44
1,0,0,0,38,0,1,0,1,1,2,1,1,1,0,0,2,113.43,1135.61
1,1,1,1,70,1,1,2,1,0,2,2,0,0,0,0,3,101.14,1522.61
1,0,0,0,65,0,0,0,0,2,0,1,1,0,2,0,3,23.29,7471.33
0,0,0,0,24,0,2,0,1,1,1,1,1,2,1,1,3,100.87,6373.43
1,0,0,0,64,0,0,0,1,0,2,0,2,2,0,0,0,117.64,332.14
1,0,0,0,30,0,2,1,2,1,0,1,1,0,0,1,3,22.85,7686.94
1,1,1,1,69,1,1,0,0,1,2,0,1,1,2,1,2,45.25,3910.52
0,0,0,0,50,0,0,2,1,2,0,0,2,1,0,1,3,27.64,32.02
0,0,0,0,44,0,2,1,0,0,2,2,1,0,1,0,3,26.28,920.45
0,0,0,0,60,0,0,2,0,0,2,0,0,0,0,1,1,24.9,1207.23
0,1,1,1,58,1,0,2,0,0,0,0,1,2,1,1,3,26.75,1486.71
0,0,0,0,11,0,0,1,2,2,1,1,0,0,2,1,0,25,7357.04
0,0,0,0,68,0,0,2,2,0,0,2,1,2,1,0,1,47.03,4226.15
1,0,0,0,65,0,0,1,2,1,1,1,2,2,0,0,1,70.15,742.97
0,0,0,0,33,0,0,1,2,0,1,2,2,1,0,0,1,38.21,5290.28
0,1,1,1,53,1,0,0,1,1,0,0,1,1,1,1,3,114.01,2457.44
0,0,0,0,44,0,0,2,2,2,1,1,2,0,2,1,0,29.03,5837.71
1,1,1,1,12,1,1,0,2,1,2,1,2,2,1,1,0,37.76,585.4
0,0,0,0,10,0,1,0,0,1,1,0,1,2,1,1,1,74.24,2810.59
1,1,1,1,52,1,1,1,2,2,1,1,2,0,0,0,2,90.69,3144.29
0,1,1,1,2,1,1,0,2,0,2,1,1,2,2,0,2,93.19,3909.19
1,1,1,1,29,1,1,2,2,2,2,2,1,0,0,0,0,111.22,245.49
0,1,1,1,13,1,0,2,2,1,2,1,0,0,0,0,2,94.53,6654.16
1,1,1,1,15,1,0,1,2,0,2,0,1,1,0,1,1,108.68,2265.08
0,1,1,1,54,1,2,2,1,1,1,2,1,0,0,1,3,119.01,1594.51
1,1,1,1,5,1,0,0,2,2,2,1,2,1,1,1,0,44.03,5247.85
0,1,1,1,67,1,1,1,1,2,1,2,1,0,0,0,2,81.22,2339.68
1,1,1,1,63,1,2,0,0,0,0,0,0,2,2,0,3,118.06,5474.44
1,1,1,1,6,1,2,0,2,1,2,2,1,1,0,1,0,55.73,7752.79
0,1,1,1,35,1,1,2,1,1,2,0,0,0,0,1,0,23.64,6903.34
1,0,0,0,56,0,0,1,0,2,2,0,2,0,2,1,0,67.56,1599.42
0,0,0,0,54,0,0,2,1,1,0,0,0,0,1,1,0,89.3,6403.54
0,0,0,0,45,0,1,2,2,1,1,0,0,0,1,0,3,43.47,6666.14
0,0,0,0,66,0,2,0,1,2,1,0,1,0,2,0,0,49.81,4059.86
0,0,0,0,5,0,1,2,2,0,1,2,0,1,2,0,0,89.56,5491.87
0,1,1,1,42,1,0,1,1,1,1,2,2,2,0,1,2,108.88,6671.62
0,1,1,1,60,1,0,0,1,2,0,0,2,1,2,1,1,74.23,827.43
1,0,0,0,41,0,2,2,2,2,0,0,1,2,1,0,1,74.64,4801.9
1,1,1,1,5,1,2,1,0,1,1,2,1,0,2,0,2,54.05,1070.89
1,0,0,0,61,0,2,0,0,1,2,1,1,0,0,1,2,51.56,4852.28
0,1,1,1,51,1,0,2,0,2,2,2,2,0,0,0,2,45.07,2493.31
1,0,0,0,69,0,0,0,0,0,2,1,2,0,0,1,0,57.15,5410.24
0,0,0,0,12,0,1,2,2,1,2,2,1,0,2,1,2,102.34,4847.35
1,0,0,0,58,0,1,1,2,2,2,0,2,1,0,0,2,81.2,3966.9
0,0,0,0,5,0,0,2,0,1,0,1,1,1,0,1,3,119.94,4759.95
0,1,1,1,4,1,1,1,2,1,2,2,2,0,2,1,2,41.36,435.37
0,1,1,1,18,1,1,1,0,1,1,1,0,1,2,1,3,51.41,6350.7
1,0,0,0,70,0,2,1,0,1,0,1,2,0,2,0,2,89.09,1658.47
1,0,0,0,42,0,2,2,1,0,2,0,1,0,0,0,0,102.24,5832.4
1,1,1,1,12,1,1,1,0,2,0,2,1,1,2,1,1,73.64,1010.52
0,0,0,0,6,0,1,0,1,2,2,2,1,0,1,1,2,104.89,2246.77
0,1,1,1,66,1,1,0,2,0,0,0,1,0,1,0,0,32.5,7079.12
1,0,0,0,47,0,0,2,0,1,2,0,2,1,0,0,2,106.49,1902.06
1,1,1,1,33,1,1,1,1,1,0,2,1,2,1,0,0,21.12,4152.46
1,0,0,0,67,0,0,0,1,1,0,2,2,2,0,1,2,27.49,921.93
1,1,1,1,14,1,2,1,0,0,2,2,0,0,0,0,3,47.93,5630.24
1,0,0,0,59,0,0,2,2,0,1,0,2,1,1,0,3,54.1,327.7
1,1,1,1,62,1,2,0,1,0,2,1,1,0,1,1,2,48.16,1927.43
0,1,1,1,6,1,0,1,2,1,2,1,0,2,2,1,0,35.73,5902.03
0,1,1,1,26,1,2,0,0,0,1,2,0,0,1,1,3,87.69,1650.81
1,1,1,1,53,1,1,1,0,2,2,2,1,2,0,1,0,35.93,5623.05
1,1,1,1,24,1,1,0,2,0,1,2,1,1,2,0,3,46.18,7979.16
0,1,1,1,20,1,0,1,1,2,1,2,0,2,1,0,2,28.53,5932.63
0,0,0,0,58,0,2,2,0,2,2,2,0,1,1,0,0,66.46,2161.41
0,1,1,1,5,1,2,1,1,0,0,0,0,0,0,0,1,93.84,972.54
1,0,0,0,8,0,0,0,2,2,1,2,1,1,1,1,2,35.33,46.18
1,0,0,0,61,0,1,2,2,1,0,0,1,0,1,1,1,69.25,708.43
0,1,1,1,24,1,2,1,1,2,2,0,2,2,2,0,0,105.44,4601.08
1,0,0,0,6,0,1,2,1,0,2,1,0,2,2,1,3,106.76,6620.35
1,1,1,1,0,1,0,1,0,1,0,1,1,2,2,1,2,30.99,6034.86
0,0,0,0,7,0,2,1,2,1,0,1,2,1,2,0,3,113.05,525.72
0,0,0,0,23,0,2,1,1,2,1,2,1,2,2,1,1,72.93,5816.54
1,0,0,0,42,0,1,0,0,2,2,1,1,1,0,1,2,73.27,3019.06
0,0,0,0,71,0,2,2,1,1,0,0,0,1,2,1,2,115.13,6340.53
1,0,0,0,0,0,0,2,1,1,0,0,1,2,0,1,0,103.38,7390.28
1,1,1,1,66,1,2,1,1,1,1,2,1,2,1,1,0,95.59,5039.67
0,1,1,1,0,1,0,2,0,0,0,2,0,0,2,0,3,94.27,3193.8
0,0,0,0,16,0,1,1,2,0,1,2,0,2,1,1,0,112.58,4516.88
1,0,0,0,51,0,2,2,2,0,2,2,2,0,2,1,1,54.13,5733.69
0,0,0,0,67,0,1,1,0,2,1,2,2,1,0,1,0,105.01,3109.02
1,0,0,0,13,0,0,1,0,2,0,1,0,2,1,0,1,71.25,7331.75
1,0,0,0,47,0,2,1,1,0,2,1,2,0,2,0,2,75.6,6054.17
0,1,1,1,46,1,0,0,0,0,0,0,2,2,1,1,2,73.7,5190.24
1,1,1,1,60,1,2,2,1,2,0,0,0,2,1,1,3,97.91,3342.99
0,1,1,1,71,1,1,2,1,1,1,0,1,1,0,1,3,98.47,5175.47
0,0,0,0,49,0,1,2,0,0,0,1,0,0,2,0,0,35,1634.25
1,0,0,0,61,0,0,0,0,2,1,2,0,0,1,0,1,74.89,1395.68
0,1,1,1,64,1,1,0,2,2,0,1,2,2,0,0,2,64.92,6973.43
1,0,0,0,53,0,1,2,1,2,0,2,0,1,0,0,1,110.8,7028.49
0,1,1,1,6,1,2,1,2,0,0,1,2,2,2,0,0,84.17,7909.9
0,0,0,0,4,0,0,0,0,2,1,2,0,1,1,1,3,115.6,1310.55
0,1,1,1,14,1,1,1,1,1,2,1,2,0,2,1,0,91.76,6673.03
1,0,0,0,63,0,0,1,2,2,1,0,0,2,2,1,1,42.72,7209.82
0,1,1,1,27,1,1,1,2,0,0,0,2,0,2,0,0,119.79,5377.84
1,1,1,1,46,1,2,2,2,0,2,0,2,1,0,0,0,23.15,3436.14
1,0,0,0,6,0,0,0,1,1,0,0,1,0,2,0,3,83.8,6946.92
1,0,0,0,51,0,0,0,2,2,0,0,2,0,0,1,3,72.98,7773.28
0,0,0,0,41,0,0,0,1,1,1,0,0,2,2,0,1,63.55,6814.93
0,1,1,1,39,1,2,0,1,1,1,2,0,1,2,1,1,80.46,4469.05
1,1,1,1,27,1,2,0,2,1,0,1,1,0,2,0,3,117.93,6226.16
0,0,0,0,33,0,0,0,1,2,2,1,1,1,1,0,3,114.14,1193.6
0,0,0,0,24,0,1,2,2,2,0,2,1,1,0,1,0,90.92,7415
0,1,1,1,24,1,2,2,1,2,1,0,1,2,1,0,2,32.8,3958.11
0,0,0,0,49,0,0,2,2,2,2,0,0,1,1,0,3,29,4787.1
0,0,0,0,59,0,1,1,0,0,0,2,2,0,1,0,3,94.1,462.6
0,1,1,1,42,1,1,2,1,1,2,1,2,2,1,0,1,94.32,1626.23
0,1,1,1,23,1,1,0,2,1,1,0,2,2,2,1,2,89.55,166.39
0,1,1,1,13,1,1,2,2,1,2,1,1,1,0,1,1,59.91,2188.56
0,1,1,1,44,1,1,1,1,0,0,0,1,2,2,1,3,42.38,4450.4
1,1,1,1,62,1,1,1,0,0,2,2,1,1,0,0,2,64.25,1689.41
1,1,1,1,41,1,2,2,0,1,2,0,2,2,2,0,1,98.82,3348.98
1,1,1,1,56,1,1,0,0,1,2,2,2,1,0,0,0,77.91,85.62
0,0,0,0,24,0,0,0,1,0,1,1,2,0,2,0,0,108.2,3099.89
1,0,0,0,53,0,0,1,0,1,1,0,2,0,2,1,1,79.7,2077.21
0,1,1,1,15,1,0,2,0,1,0,0,1,1,1,1,2,59.46,6905.59
1,1,1,1,54,1,1,1,0,0,1,2,0,1,0,0,0,109.71,7661.28
1,1,1,1,67,1,0,1,1,0,1,1,0,1,2,1,3,112.29,7713.04
1,1,1,1,48,1,2,1,0,2,1,1,0,0,1,0,2,104.24,7187.24
0,0,0,0,59,0,2,2,2,2,1,2,1,2,2,1,1,78.2,7141.51
0,1,1,1,30,1,0,0,2,0,2,0,1,2,1,1,0,72.38,3300.07
1,1,1,1,37,1,2,1,0,2,0,1,2,0,2,0,1,112.22,2205.12
1,0,0,0,68,0,0,2,0,2,2,1,2,2,0,1,1,91.34,3202.63
1,1,1,1,5,1,2,2,2,2,2,2,0,0,0,0,2,83.01,2370.59
0,1,1,1,8,1,1,2,1,0,2,2,2,0,1,0,1,85.22,4400.28
1,0,0,0,8,0,1,1,2,2,2,1,0,2,1,0,1,87.58,3835.56
0,1,1,1,61,1,2,2,0,1,0,0,1,2,1,0,3,89.66,345.95
1,0,0,0,2,0,1,1,2,1,2,2,2,0,2,1,0,109.8,5940.59
1,0,0,0,30,0,0,0,0,2,1,2,2,2,1,1,0,61.71,7111.56
0,0,0,0,27,0,1,1,0,0,2,2,1,0,2,1,0,88.61,6404.54
1,1,1,1,49,1,1,1,0,0,2,1,1,2,0,0,1,75.08,375.02
0,1,1,1,53,1,1,2,2,2,1,2,0,2,2,1,2,118.46,7120.39
0,0,0,0,52,0,0,0,1,1,2,0,0,2,0,1,2,82.31,5389.11
0,0,0,0,18,0,2,1,0,2,2,1,0,2,1,1,1,75.33,2396.05
0,0,0,0,4,0,0,0,0,0,0,2,1,1,0,1,1,105.57,4971.57
1,1,1,1,39,1,1,0,2,2,0,2,0,1,1,0,1,108.61,4627.75
1,1,1,1,32,1,0,2,2,1,0,1,1,1,1,1,2,119.96,2745.22
0,0,0,0,14,0,0,0,1,1,1,2,0,1,1,0,0,101.73,3695.62
1,1,1,1,16,1,2,1,0,1,2,2,1,1,0,0,1,99.41,7788.82
0,1,1,1,31,1,1,1,2,0,1,2,1,2,0,1,3,118.02,2789.45
0,1,1,1,44,1,1,0,0,2,0,0,2,0,1,1,3,110.33,2794.09
1,1,1,1,21,1,0,1,0,2,2,0,0,2,1,0,3,22.13,6061.92
1,0,0,0,34,0,1,0,1,2,1,2,0,0,0,0,0,44.95,2765.65
0,0,0,0,15,0,2,0,1,2,0,1,0,0,1,0,0,87.27,7719.14
0,0,0,0,59,0,2,1,1,0,1,2,0,1,2,1,2,73.46,2321.3
0,0,0,0,14,0,1,2,0,2,2,1,0,1,2,0,3,76.92,2484.69
0,1,1,1,55,1,0,0,2,1,0,2,2,2,1,0,1,102.1,2818.55
1,0,0,0,7,0,0,1,2,1,0,2,0,2,0,0,0,105.99,6561.51
1,1,1,1,62,1,1,0,2,0,0,2,1,2,2,1,1,56.84,1993.06
0,1,1,1,15,1,2,0,2,1,0,1,0,0,2,1,2,108.06,701.78
1,0,0,0,32,0,2,0,1,2,0,1,0,2,0,1,0,49.51,5925.42
0,1,1,1,47,1,2,1,1,0,0,0,2,0,2,1,0,107.82,7596.22
1,0,0,0,29,0,0,2,2,2,2,1,1,2,2,1,1,34.81,4385.76
1,1,1,1,15,1,2,0,0,2,0,1,2,1,2,1,1,32.5,4380.53
1,1,1,1,56,1,0,1,1,2,0,1,2,2,1,0,2,85.11,6758.08
0,0,0,0,46,0,0,1,2,2,0,1,0,2,1,1,3,70.48,7970.65
1,1,1,1,16,1,2,2,1,0,0,2,0,2,0,0,1,64.75,3888.21
1,1,1,1,35,1,0,0,1,2,2,0,1,1,1,0,0,106.59,7571.8
1,1,1,1,60,1,1,0,2,2,2,0,0,1,1,1,3,106.08,4838.57
1,1,1,1,50,1,0,0,1,0,2,1,1,1,1,1,3,83.55,5273.31
1,0,0,0,70,0,1,0,0,0,1,0,1,1,2,1,3,94.3,7904.17
0,0,0,0,19,0,0,2,0,0,2,1,1,0,2,0,1,26.4,1114.14
0,0,0,0,47,0,0,0,2,0,2,2,2,2,0,1,1,43.6,3706.56
0,1,1,1,17,1,0,0,1,2,1,1,0,1,2,0,3,33.43,3708.65
1,0,0,0,67,0,0,0,1,0,1,0,2,2,1,1,1,32.28,5660.81
1,1,1,1,10,1,2,1,1,1,1,1,0,1,2,1,1,80.35,2440.52
1,1,1,1,19,1,0,2,1,1,0,2,1,1,2,0,3,92.71,1764.2
1,1,1,1,39,1,1,1,0,0,2,2,2,2,0,1,2,90.59,1007.98
0,1,1,1,40,1,2,0,2,2,1,0,2,1,1,0,3,56.84,3472.39
0,1,1,1,59,1,2,0,1,1,1,0,0,2,2,0,1,56.37,3884.76
0,1,1,1,60,1,1,0,0,1,0,0,1,1,1,1,3,73.41,802.9
1,0,0,0,68,0,0,2,2,0,1,1,2,0,1,0,3,34.46,206.68
1,1,1,1,2,1,1,1,1,1,0,2,1,1,1,1,1,25.29,1891.78
0,1,1,1,63,1,2,2,1,2,1,1,2,0,0,0,3,46.04,7030.22
1,1,1,1,7,1,1,0,2,1,1,0,2,0,0,1,3,27.31,4210.25
1,1,1,1,26,1,2,0,0,1,1,2,1,1,0,1,2,36.82,4192.39
0,0,0,0,50,0,2,0,1,0,2,2,2,0,2,1,0,40.46,6158.75
0,0,0,0,22,0,1,1,0,2,2,0,2,0,0,1,3,61.09,7058.16
1,0,0,0,43,0,1,1,1,2,2,0,2,0,1,0,0,61.48,4208.62
0,0,0,0,63,0,1,2,0,0,2,0,2,0,1,0,2,110.98,3164.84
1,0,0,0,37,0,2,2,0,1,1,1,1,2,2,1,1,50,2713.27
0,1,1,1,56,1,1,0,2,1,2,2,2,1,0,1,3,95.36,2141.01
1,1,1,1,28,1,2,0,1,2,1,2,0,2,1,1,2,112.07,7832.32
1,0,0,0,47,0,2,0,0,1,2,2,0,1,0,0,3,96.87,2232.67
1,1,1,1,60,1,2,1,0,2,2,0,2,0,2,1,3,35.8,6490.23
1,1,1,1,12,1,1,1,2,2,2,0,0,1,1,1,0,51.05,1730.56
0,1,1,1,55,1,0,1,0,2,1,1,0,2,2,0,3,84.28,4438.31
1,1,1,1,33,1,1,1,0,1,0,2,2,2,1,0,1,117.63,1289.12
1,0,0,0,68,0,0,0,0,2,1,0,1,0,2,1,3,63.43,2739.64
1,0,0,0,70,0,1,0,0,2,2,2,0,0,2,1,0,30.04,3157.05
1,0,0,0,41,0,1,0,2,0,0,2,2,2,1,1,1,90.14,2349.15
0,0,0,0,34,0,2,1,0,1,0,1,1,0,0,1,2,33.71,5503.84
0,0,0,0,55,0,2,0,2,2,1,1,1,0,0,1,3,102.93,5691.33
0,1,1,1,68,1,2,0,2,0,0,1,0,0,2,1,2,93.94,7318
1,0,0,0,1,0,0,2,1,2,0,0,2,1,0,1,1,90.56,2478.28
0,1,1,1,5,1,0,2,0,2,0,2,1,1,2,1,1,81.06,5067.58
0,1,1,1,40,1,0,1,0,0,1,1,1,2,1,1,0,98.81,5917.05
0,1,1,1,27,1,1,1,2,0,0,1,2,2,2,0,2,48.42,4794.83
1,0,0,0,12,0,0,2,0,1,1,1,0,0,2,1,0,31.74,2101.03
0,1,1,1,10,1,0,1,0,2,0,0,1,1,2,1,3,67.82,1587.54
1,1,1,1,13,1,1,0,0,0,1,1,2,2,1,0,3,77.65,6118.85
0,0,0,0,1,0,0,2,0,1,2,0,2,2,0,0,3,45.6,635
1,1,1,1,0,1,1,1,0,1,2,1,0,0,2,0,2,114.68,7600.38
0,0,0,0,7,0,1,2,0,0,1,2,0,0,1,0,2,59.74,6090.81
1,0,0,0,62,0,0,1,0,0,1,1,0,1,2,0,1,95.95,7508.2
0,1,1,1,10,1,0,1,1,0,0,2,1,2,1,0,0,97.74,524.83
0,0,0,0,38,0,0,0,2,0,0,0,2,0,1,0,1,84.79,3955.2
0,1,1,1,15,1,1,2,0,1,2,2,2,2,1,1,3,106.1,3065.75
1,1,1,1,47,1,0,1,0,2,0,1,1,2,2,0,1,29.02,5888.27
0,0,0,0,51,0,0,1,1,0,1,0,2,0,2,0,3,56.21,3950.16
1,1,1,1,10,1,0,2,1,2,2,0,2,2,0,1,2,32.94,2454.99
0,0,0,0,43,0,0,1,0,2,0,1,0,0,2,0,3,21.8,844.1
1,1,1,1,39,1,2,1,1,0,2,2,0,0,2,1,3,77.88,6867.22
1,0,0,0,45,0,0,0,2,1,1,2,0,2,0,0,2,51.49,2905.33
0,1,1,1,30,1,2,1,0,1,0,0,0,1,0,0,2,96.5,1591.36
1,0,0,0,38,0,1,1,1,2,0,2,1,0,2,0,0,113.86,3474.79
0,1,1,1,54,1,2,1,0,1,0,0,0,2,1,1,3,112.85,1414.18
0,0,0,0,33,0,0,2,0,0,1,0,0,2,1,1,1,43.56,3640.05
1,0,0,0,10,0,1,0,2,2,2,2,0,1,1,1,0,103.21,2487.89
0,1,1,1,60,1,0,1,0,2,1,0,0,1,1,1,3,106.68,5952.24
0,1,1,1,43,1,1,0,2,1,2,2,2,1,2,0,2,25.59,5525.5
1,1,1,1,6,1,2,2,1,0,0,0,2,1,0,1,0,86.39,7348.43
1,1,1,1,71,1,0,1,1,1,2,0,0,1,1,1,0,53.49,5330.69
0,0,0,0,58,0,1,1,0,2,0,2,2,2,1,1,1,25.7,6864.95
1,1,1,1,43,1,2,0,1,2,1,1,2,0,0,1,1,87.31,417.11
0,1,1,1,14,1,0,2,0,1,2,1,2,1,1,1,3,91.25,7289.54
1,1,1,1,31,1,1,1,2,1,0,1,2,0,1,1,3,66.7,4509.63
1,0,0,0,12,0,2,1,1,2,2,2,1,1,1,0,3,76.94,1477.69
1,0,0,0,12,0,0,1,2,1,0,1,1,2,1,0,3,106.1,4628.55
0,1,1,1,18,1,2,0,0,0,1,0,1,0,1,1,0,56.98,7102.53
0,0,0,0,23,0,1,0,2,1,2,0,1,0,0,0,0,72.13,1247.82
1,1,1,1,33,1,2,1,0,1,1,1,2,1,2,1,2,55.46,4128.11
0,0,0,0,22,0,2,0,2,0,2,0,0,2,0,1,3,98.83,1218.86
0,0,0,0,54,0,2,2,1,2,1,2,2,1,2,1,1,105.6,4551.19
0,0,0,0,63,0,0,1,0,2,1,0,1,0,2,1,1,28.45,5791.76
0,1,1,1,16,1,0,2,1,1,0,1,2,2,0,1,1,102.72,5155.91
1,0,0,0,33,0,2,2,0,0,2,0,1,0,1,1,2,43.5,1626.95
0,0,0,0,24,0,2,2,2,2,2,1,0,2,1,1,3,93.9,3885.27
0,0,0,0,55,0,0,2,2,0,2,1,0,2,2,0,0,30.79,6343.36
0,0,0,0,67,0,1,1,2,1,2,2,2,1,0,0,1,33.68,1300.16
0,0,0,0,14,0,0,2,2,2,1,1,1,1,2,0,1,96.95,1806.86
1,1,1,1,44,1,1,0,0,0,1,2,2,0,2,0,3,20.57,7587.17
0,0,0,0,0,0,1,1,0,1,0,0,2,0,0,1,2,41.11,5597
0,1,1,1,38,1,1,1,1,0,2,2,1,2,1,1,2,87.32,3732.42
0,1,1,1,31,1,1,0,1,0,1,1,1,2,0,1,0,64.23,4310.19
0,0,0,0,56,0,1,2,1,1,1,2,0,2,0,1,1,74.33,2366.79
0,1,1,1,50,1,2,0,2,2,1,1,0,0,1,1,3,101.38,4636.57
0,0,0,0,31,0,0,1,2,0,0,0,2,0,2,0,0,39.79,1851.56
1,1,1,1,28,1,2,0,1,2,1,1,2,0,1,0,0,93.02,3518.86
0,0,0,0,24,0,0,2,0,2,1,0,1,0,1,1,1,72.13,5136.36
1,1,1,1,14,1,2,1,2,0,1,1,0,1,2,1,2,117.31,7248.24
0,1,1,1,71,1,2,0,0,0,1,2,2,1,0,1,2,26.9,4804.66
0,0,0,0,39,0,0,2,0,0,1,1,0,1,1,1,3,98.51,6284.76
0,1,1,1,22,1,1,0,2,1,0,0,0,1,1,1,3,28.26,6767.7
1,1,1,1,25,1,1,0,2,2,1,1,0,0,1,0,0,43.32,7956.89
1,1,1,1,35,1,2,2,0,1,2,0,1,1,0,0,2,26.79,4788.31
0,1,1,1,21,1,2,2,1,1,0,1,1,0,0,0,1,95.51,6644.99
0,0,0,0,62,0,0,2,1,2,1,0,0,0,1,0,2,86.74,7907.96
0,0,0,0,13,0,2,2,2,1,0,0,2,0,2,1,1,37.91,1279.53
0,1,1,1,30,1,1,0,0,0,0,1,1,1,1,0,0,73.06,5715.92
0,0,0,0,14,0,0,2,2,2,1,2,0,0,1,0,0,53.01,5223.94
1,1,1,1,23,1,1,1,1,2,2,0,2,1,0,1,2,74,5572.43
0,1,1,1,26,1,2,1,2,2,1,0,2,2,1,0,3,93.34,5429.97
1,0,0,0,55,0,2,0,0,0,2,0,0,2,0,1,3,99.45,2903.02
0,0,0,0,63,0,1,1,1,0,1,1,1,2,0,1,0,29.39,7405.93
0,0,0,0,45,0,1,0,0,2,0,1,2,2,1,1,3,26.6,2148.41
0,0,0,0,25,0,1,0,2,1,2,0,2,1,2,1,3,97.31,4422.71
0,0,0,0,30,0,2,0,0,1,1,2,2,0,1,1,0,63.92,861.42
1,0,0,0,3,0,2,0,2,1,2,0,1,1,0,1,0,62.96,5931.86
1,1,1,1,37,1,0,0,1,2,2,2,2,0,2,0,0,87.82,7392.73
0,1,1,1,30,1,1,2,0,2,1,2,2,2,0,1,0,76.23,5965.54
1,0,0,0,66,0,2,2,2,2,1,2,2,2,0,1,1,51.42,2689.74
1,0,0,0,64,0,1,2,1,0,1,0,1,0,2,0,0,59.67,7256.44
0,0,0,0,14,0,0,0,1,1,1,0,1,1,2,1,2,94.47,3080.27
1,0,0,0,62,0,1,0,0,1,0,0,1,2,0,0,1,39.2,6334.47
1,0,0,0,34,0,0,0,0,0,0,1,2,1,0,0,1,92.22,6372.42
0,1,1,1,39,1,0,1,1,1,1,2,2,1,1,1,2,36.84,4984.98
0,1,1,1,64,1,2,0,1,1,2,2,1,1,2,0,1,84.49,6419.87
1,1,1,1,65,1,0,1,2,1,1,0,1,2,0,1,3,105.62,7727.36
1,0,0,0,46,0,2,2,0,0,2,0,1,0,1,1,2,49.23,7403.75
0,0,0,0,35,0,0,2,0,1,2,1,1,2,1,0,3,108.62,7653.49
0,0,0,0,31,0,0,2,2,2,0,1,2,2,2,1,2,83.71,279.43
1,0,0,0,13,0,0,1,2,2,0,1,1,1,1,0,3,87.49,6266.58
0,1,1,1,23,1,2,1,2,1,2,2,1,2,1,1,1,60.9,1523.03
0,1,1,1,1,1,1,1,2,0,1,0,2,2,2,1,3,49.68,5363.38
0,0,0,0,2,0,2,0,0,2,2,0,2,2,0,1,1,111.94,6296.84
1,1,1,1,20,1,1,0,2,2,2,2,0,2,2,1,2,53.81,6411.24
1,0,0,0,70,0,0,0,2,0,1,0,1,1,1,0,0,33.15,218.46
1,0,0,0,59,0,2,1,1,1,2,1,1,1,2,1,3,112.33,3148.52
1,0,0,0,24,0,0,2,1,1,0,1,1,2,1,1,1,40.48,4993.47
1,1,1,1,2,1,0,2,0,2,0,1,1,2,2,1,2,73.34,2406.22
1,0,0,0,65,0,0,2,0,1,0,1,0,2,0,0,2,69.31,7977.8
1,1,1,1,54,1,2,2,1,2,1,2,0,2,0,0,2,62.71,5384.99
0,0,0,0,49,0,0,2,0,0,1,1,0,0,1,1,3,21.45,7500.97
1,0,0,0,65,0,1,0,2,2,2,1,2,2,1,1,2,49,4343.08
1,0,0,0,34,0,0,2,0,1,0,1,2,0,1,0,3,65.4,1239.04
0,0,0,0,56,0,2,0,2,1,2,2,0,0,1,0,1,75.79,2746.14
1,0,0,0,43,0,0,1,0,0,0,1,2,1,1,0,2,20.68,3860.31
1,1,1,1,46,1,2,1,1,0,0,1,1,2,0,1,3,67.6,6900.69
1,0,0,0,3,0,1,2,0,1,1,1,1,0,0,1,2,38.36,3561.45
0,1,1,1,9,1,2,2,1,1,2,0,1,0,2,1,0,117.05,4146.52
0,1,1,1,65,1,2,2,2,1,2,0,0,2,0,0,3,20.36,2816.24
1,1,1,1,52,1,2,1,0,0,1,2,2,2,2,0,2,100.32,6300.97
0,0,0,0,51,0,0,0,0,2,0,2,2,2,0,0,2,75.08,4058.73
0,1,1,1,48,1,0,2,1,1,1,2,0,2,2,0,2,56.46,6511.29
1,1,1,1,16,1,2,2,2,0,0,1,1,2,2,1,1,38.65,5175.18
0,0,0,0,65,0,2,2,0,1,2,0,0,2,2,0,1,47.06,7933.79
1,0,0,0,10,0,0,2,0,0,1,1,2,1,0,1,1,47.09,1707.49
0,1,1,1,69,1,2,2,2,0,1,1,0,0,2,0,0,83.06,384.5
1,1,1,1,42,1,2,0,2,1,1,2,1,0,0,0,3,106.11,588.51
1,1,1,1,70,1,2,2,0,1,1,2,1,0,1,1,2,30.4,7793.99
0,1,1,1,16,1,0,1,1,0,1,0,2,1,2,1,1,52.57,978.67
0,0,0,0,15,0,0,0,1,1,0,1,0,1,1,1,3,28.17,4323.58
0,0,0,0,35,0,1,0,2,0,0,1,1,0,2,0,3,33.31,809.41
0,0,0,0,53,0,0,1,0,2,0,0,2,1,2,1,3,102.53,7435.19
1,1,1,1,28,1,1,0,1,0,2,1,0,0,1,1,3,103.64,1770.89
1,0,0,0,5,0,1,2,0,0,0,0,1,1,0,1,0,81.23,5731.47
1,1,1,1,56,1,0,1,2,0,0,2,1,0,2,0,2,48.9,223.88
0,1,1,1,60,1,0,1,0,2,0,1,0,2,0,0,1,85,2193.25
0,1,1,1,41,1,2,1,1,2,2,2,0,0,2,1,3,84.12,2206.4
0,0,0,0,4,0,1,2,2,2,1,2,0,0,1,0,0,116.87,6959.41
0,0,0,0,53,0,0,2,2,0,2,1,1,1,2,1,3,97.67,2502.16
1,1,1,1,4,1,2,1,0,2,2,0,2,1,0,1,1,106.67,357.83
0,1,1,1,60,1,2,2,2,1,0,2,0,0,0,0,0,88.29,7831.27
0,0,0,0,62,0,2,1,1,2,2,1,2,2,0,1,0,118.6,3751.22
0,0,0,0,71,0,1,0,0,1,2,2,2,1,0,0,2,75.63,2380.53
0,1,1,1,44,1,1,1,2,2,0,2,0,1,1,0,1,99.6,2673.17
0,1,1,1,15,1,2,0,0,1,2,0,1,1,0,0,1,71.58,1220.01
0,1,1,1,52,1,0,1,1,0,1,1,0,2,1,1,3,102.97,5786
1,1,1,1,45,1,2,1,2,0,2,2,1,2,0,0,2,55.34,6339.74
0,1,1,1,3,1,0,0,1,2,1,0,1,1,0,0,2,47.81,5990.89
1,1,1,1,26,1,0,0,0,2,2,0,0,0,0,0,1,98.62,441.06
1,1,1,1,12,1,2,2,1,2,1,2,1,0,0,1,2,47.56,1330.21
1,1,1,1,10,1,2,0,1,1,2,0,0,1,0,1,2,49.39,5210.39
0,1,1,1,25,1,0,0,0,1,1,1,2,2,0,0,2,109.18,1948.08
0,1,1,1,29,1,1,0,0,2,2,2,0,1,0,0,1,82.17,2363.07
0,0,0,0,44,0,0,2,2,0,2,0,0,2,1,0,0,88.52,3687.5
0,0,0,0,45,0,1,0,2,0,0,0,0,0,0,0,1,63.18,1396.58
